First Name,Last Name,Email,Group,Employee ID
NGQTWXEAX,WXEAX,NGQTWXEAX@grey.wb,Alpha,SBL12D_WXEAX
NGQTwEqAw,wEqAw,NGQTwEqAw@grey.wb,Alpha,SBL12D_wEqAw
NGQTWDmJX,WDmJX,NGQTWDmJX@grey.wb,Alpha,SBL12D_WDmJX
NGQTGXPZw,GXPZw,NGQTGXPZw@grey.wb,Alpha,SBL12D_GXPZw
NGQTgwLxw,gwLxw,NGQTgwLxw@grey.wb,Alpha,SBL12D_gwLxw
NGQTKwgPD,KwgPD,NGQTKwgPD@grey.wb,Alpha,SBL12D_KwgPD
NGQTWXeAX,WXeAX,NGQTWXeAX@grey.wb,Alpha,SBL12D_WXeAX
NGQTODoJw,ODoJw,NGQTODoJw@grey.wb,Alpha,SBL12D_ODoJw
NGQTeXdQl,eXdQl,NGQTeXdQl@grey.wb,Alpha,SBL12D_eXdQl
NGQTaDzxl,aDzxl,NGQTaDzxl@grey.wb,Alpha,SBL12D_aDzxl
NGQTGXVpw,GXVpw,NGQTGXVpw@grey.wb,Alpha,SBL12D_GXVpw
NGQTaDRoX,aDRoX,NGQTaDRoX@grey.wb,Alpha,SBL12D_aDRoX
NGQTVXMrl,VXMrl,NGQTVXMrl@grey.wb,Alpha,SBL12D_VXMrl
NGQTewnbw,ewnbw,NGQTewnbw@grey.wb,Alpha,SBL12D_ewnbw
NGQTYXKEw,YXKEw,NGQTYXKEw@grey.wb,Alpha,SBL12D_YXKEw
NGQTAXjNX,AXjNX,NGQTAXjNX@grey.wb,Alpha,SBL12D_AXjNX
NGQTrDGnw,rDGnw,NGQTrDGnw@grey.wb,Alpha,SBL12D_rDGnw
NGQTjXAGw,jXAGw,NGQTjXAGw@grey.wb,Alpha,SBL12D_jXAGw
NGQTBXNmD,BXNmD,NGQTBXNmD@grey.wb,Alpha,SBL12D_BXNmD
NGQTRDBQw,RDBQw,NGQTRDBQw@grey.wb,Alpha,SBL12D_RDBQw
NGQTvDkdX,vDkdX,NGQTvDkdX@grey.wb,Alpha,SBL12D_vDkdX
NGQTdwYJD,dwYJD,NGQTdwYJD@grey.wb,Alpha,SBL12D_dwYJD
NGQTolOeD,olOeD,NGQTolOeD@grey.wb,Alpha,SBL12D_olOeD
NGQTMwWzl,MwWzl,NGQTMwWzl@grey.wb,Alpha,SBL12D_MwWzl
NGQTOwJEl,OwJEl,NGQTOwJEl@grey.wb,Alpha,SBL12D_OwJEl
NGQTqDrew,qDrew,NGQTqDrew@grey.wb,Alpha,SBL12D_qDrew
NGQTqlajw,qlajw,NGQTqlajw@grey.wb,Alpha,SBL12D_qlajw
NGQTODQkl,ODQkl,NGQTODQkl@grey.wb,Alpha,SBL12D_ODQkl
NGQTBlxqw,Blxqw,NGQTBlxqw@grey.wb,Alpha,SBL12D_Blxqw
NGQTDbedw,Dbedw,NGQTDbedw@grey.wb,Alpha,SBL12D_Dbedw
NGQTyXqAX,yXqAX,NGQTyXqAX@grey.wb,Alpha,SBL12D_yXqAX
NGQTxXpxX,xXpxX,NGQTxXpxX@grey.wb,Alpha,SBL12D_xXpxX
NGQTwdQQD,wdQQD,NGQTwdQQD@grey.wb,Alpha,SBL12D_wdQQD
NGQTrXZaD,rXZaD,NGQTrXZaD@grey.wb,Alpha,SBL12D_rXZaD
NGQTRlvLD,RlvLD,NGQTRlvLD@grey.wb,Alpha,SBL12D_RlvLD
NGQTPwymw,Pwymw,NGQTPwymw@grey.wb,Alpha,SBL12D_Pwymw
NGQTwMZrD,wMZrD,NGQTwMZrD@grey.wb,Alpha,SBL12D_wMZrD
NGQTwPkZl,wPkZl,NGQTwPkZl@grey.wb,Alpha,SBL12D_wPkZl
NGQTlRRol,lRRol,NGQTlRRol@grey.wb,Alpha,SBL12D_lRRol
NGQTlmVJw,lmVJw,NGQTlmVJw@grey.wb,Alpha,SBL12D_lmVJw
NGQTwVjpw,wVjpw,NGQTwVjpw@grey.wb,Alpha,SBL12D_wVjpw
NGQTlzAxX,lzAxX,NGQTlzAxX@grey.wb,Alpha,SBL12D_lzAxX
NGQTXgJPD,XgJPD,NGQTXgJPD@grey.wb,Alpha,SBL12D_XgJPD
NGQTwKxED,wKxED,NGQTwKxED@grey.wb,Alpha,SBL12D_wKxED
NGQTXLqxl,XLqxl,NGQTXLqxl@grey.wb,Alpha,SBL12D_XLqxl
NGQTXYEJX,XYEJX,NGQTXYEJX@grey.wb,Alpha,SBL12D_XYEJX
NGQTXnQbD,XnQbD,NGQTXnQbD@grey.wb,Alpha,SBL12D_XnQbD
NGQTloQJD,loQJD,NGQTloQJD@grey.wb,Alpha,SBL12D_loQJD
NGQTlBLQD,lBLQD,NGQTlBLQD@grey.wb,Alpha,SBL12D_lBLQD
NGQTlrVel,lrVel,NGQTlrVel@grey.wb,Alpha,SBL12D_lrVel
NGQTwjnNw,wjnNw,NGQTwjnNw@grey.wb,Alpha,SBL12D_wjnNw
NGQTweQAw,weQAw,NGQTweQAw@grey.wb,Alpha,SBL12D_weQAw
NGQTXybml,Xybml,NGQTXybml@grey.wb,Alpha,SBL12D_Xybml
NGQTwNxmX,wNxmX,NGQTwNxmX@grey.wb,Alpha,SBL12D_wNxmX
NGQTlGOnl,lGOnl,NGQTlGOnl@grey.wb,Alpha,SBL12D_lGOnl
NGQTDOKeD,DOKeD,NGQTDOKeD@grey.wb,Alpha,SBL12D_DOKeD
NGQTwANGD,wANGD,NGQTwANGD@grey.wb,Alpha,SBL12D_wANGD
NGQTDabjX,DabjX,NGQTDabjX@grey.wb,Alpha,SBL12D_DabjX
NGQTlkQdD,lkQdD,NGQTlkQdD@grey.wb,Alpha,SBL12D_lkQdD
NGQTDvrLD,DvrLD,NGQTDvrLD@grey.wb,Alpha,SBL12D_DvrLD
NGQTwZqal,wZqal,NGQTwZqal@grey.wb,Alpha,SBL12D_wZqal
NGQTwpLxw,wpLxw,NGQTwpLxw@grey.wb,Alpha,SBL12D_wpLxw
NGQTDxkqw,Dxkqw,NGQTDxkqw@grey.wb,Alpha,SBL12D_Dxkqw
NGQTlQmkl,lQmkl,NGQTlQmkl@grey.wb,Alpha,SBL12D_lQmkl
NGQTXdBQw,XdBQw,NGQTXdBQw@grey.wb,Alpha,SBL12D_XdBQw
NGQTXWLzl,XWLzl,NGQTXWLzl@grey.wb,Alpha,SBL12D_XWLzl
NGQTXPbZw,XPbZw,NGQTXPbZw@grey.wb,Alpha,SBL12D_XPbZw
NGQTwqEAw,wqEAw,NGQTwqEAw@grey.wb,Alpha,SBL12D_wqEAw
NGQTDmpJw,DmpJw,NGQTDmpJw@grey.wb,Alpha,SBL12D_DmpJw
NGQTXJMED,XJMED,NGQTXJMED@grey.wb,Alpha,SBL12D_XJMED
NGQTlbBdl,lbBdl,NGQTlbBdl@grey.wb,Alpha,SBL12D_lbBdl
NGQTDRooX,DRooX,NGQTDRooX@grey.wb,Alpha,SBL12D_DRooX
NGQTXKPEl,XKPEl,NGQTXKPEl@grey.wb,Alpha,SBL12D_XKPEl
NGQTXMxrD,XMxrD,NGQTXMxrD@grey.wb,Alpha,SBL12D_XMxrD
NGQTwgEPX,wgEPX,NGQTwgEPX@grey.wb,Alpha,SBL12D_wgEPX
NGQTXekAw,XekAw,NGQTXekAw@grey.wb,Alpha,SBL12D_XekAw
NGQTXVbpX,XVbpX,NGQTXVbpX@grey.wb,Alpha,SBL12D_XVbpX
NGQTwYNJD,wYNJD,NGQTwYNJD@grey.wb,Alpha,SBL12D_wYNJD
NGQTXjgNl,XjgNl,NGQTXjgNl@grey.wb,Alpha,SBL12D_XjgNl
NGQTXEzAl,XEzAl,NGQTXEzAl@grey.wb,Alpha,SBL12D_XEzAl
NGQTDzaxw,Dzaxw,NGQTDzaxw@grey.wb,Alpha,SBL12D_Dzaxw
NGQTDoEJl,DoEJl,NGQTDoEJl@grey.wb,Alpha,SBL12D_DoEJl
NGQTwnLbX,wnLbX,NGQTwnLbX@grey.wb,Alpha,SBL12D_wnLbX
NGQTDGdnX,DGdnX,NGQTDGdnX@grey.wb,Alpha,SBL12D_DGdnX
NGQTwLGxl,wLGxl,NGQTwLGxl@grey.wb,Alpha,SBL12D_wLGxl
NGQTXAVGl,XAVGl,NGQTXAVGl@grey.wb,Alpha,SBL12D_XAVGl
NGQTXNPmw,XNPmw,NGQTXNPmw@grey.wb,Alpha,SBL12D_XNPmw
NGQTlaEjl,laEjl,NGQTlaEjl@grey.wb,Alpha,SBL12D_laEjl
NGQTDraew,Draew,NGQTDraew@grey.wb,Alpha,SBL12D_Draew
NGQTwyamw,wyamw,NGQTwyamw@grey.wb,Alpha,SBL12D_wyamw
NGQTlxzqD,lxzqD,NGQTlxzqD@grey.wb,Alpha,SBL12D_lxzqD
NGQTXZMaD,XZMaD,NGQTXZMaD@grey.wb,Alpha,SBL12D_XZMaD
NGQTlvBLl,lvBLl,NGQTlvBLl@grey.wb,Alpha,SBL12D_lvBLl
NGQTDkgdD,DkgdD,NGQTDkgdD@grey.wb,Alpha,SBL12D_DkgdD
NGQTlOZeX,lOZeX,NGQTlOZeX@grey.wb,Alpha,SBL12D_lOZeX
NGQTDQdkw,DQdkw,NGQTDQdkw@grey.wb,Alpha,SBL12D_DQdkw
NGQTDBNQD,DBNQD,NGQTDBNQD@grey.wb,Alpha,SBL12D_DBNQD
NGQTXppxX,XppxX,NGQTXppxX@grey.wb,Alpha,SBL12D_XppxX
NGQTwWdzD,wWdzD,NGQTwWdzD@grey.wb,Alpha,SBL12D_wWdzD
NGQTWXEAX,WXEAX,NGQTWXEAX@grey.wb,Alpha,SBL12D_WXEAX
NGQTwEqAw,wEqAw,NGQTwEqAw@grey.wb,Alpha,SBL12D_wEqAw
NGQTWDmJX,WDmJX,NGQTWDmJX@grey.wb,Alpha,SBL12D_WDmJX
NGQTGXPZw,GXPZw,NGQTGXPZw@grey.wb,Alpha,SBL12D_GXPZw
NGQTgwLxw,gwLxw,NGQTgwLxw@grey.wb,Alpha,SBL12D_gwLxw
NGQTKwgPD,KwgPD,NGQTKwgPD@grey.wb,Alpha,SBL12D_KwgPD
NGQTWXeAX,WXeAX,NGQTWXeAX@grey.wb,Alpha,SBL12D_WXeAX
NGQTODoJw,ODoJw,NGQTODoJw@grey.wb,Alpha,SBL12D_ODoJw
NGQTeXdQl,eXdQl,NGQTeXdQl@grey.wb,Alpha,SBL12D_eXdQl
NGQTaDzxl,aDzxl,NGQTaDzxl@grey.wb,Alpha,SBL12D_aDzxl
NGQTGXVpw,GXVpw,NGQTGXVpw@grey.wb,Alpha,SBL12D_GXVpw
NGQTaDRoX,aDRoX,NGQTaDRoX@grey.wb,Alpha,SBL12D_aDRoX
NGQTVXMrl,VXMrl,NGQTVXMrl@grey.wb,Alpha,SBL12D_VXMrl
NGQTewnbw,ewnbw,NGQTewnbw@grey.wb,Alpha,SBL12D_ewnbw
NGQTYXKEw,YXKEw,NGQTYXKEw@grey.wb,Alpha,SBL12D_YXKEw
NGQTAXjNX,AXjNX,NGQTAXjNX@grey.wb,Alpha,SBL12D_AXjNX
NGQTrDGnw,rDGnw,NGQTrDGnw@grey.wb,Alpha,SBL12D_rDGnw
NGQTjXAGw,jXAGw,NGQTjXAGw@grey.wb,Alpha,SBL12D_jXAGw
NGQTBXNmD,BXNmD,NGQTBXNmD@grey.wb,Alpha,SBL12D_BXNmD
NGQTRDBQw,RDBQw,NGQTRDBQw@grey.wb,Alpha,SBL12D_RDBQw
NGQTvDkdX,vDkdX,NGQTvDkdX@grey.wb,Alpha,SBL12D_vDkdX
NGQTdwYJD,dwYJD,NGQTdwYJD@grey.wb,Alpha,SBL12D_dwYJD
NGQTolOeD,olOeD,NGQTolOeD@grey.wb,Alpha,SBL12D_olOeD
NGQTMwWzl,MwWzl,NGQTMwWzl@grey.wb,Alpha,SBL12D_MwWzl
NGQTOwJEl,OwJEl,NGQTOwJEl@grey.wb,Alpha,SBL12D_OwJEl
NGQTqDrew,qDrew,NGQTqDrew@grey.wb,Alpha,SBL12D_qDrew
NGQTqlajw,qlajw,NGQTqlajw@grey.wb,Alpha,SBL12D_qlajw
NGQTODQkl,ODQkl,NGQTODQkl@grey.wb,Alpha,SBL12D_ODQkl
NGQTBlxqw,Blxqw,NGQTBlxqw@grey.wb,Alpha,SBL12D_Blxqw
NGQTDbedw,Dbedw,NGQTDbedw@grey.wb,Alpha,SBL12D_Dbedw
NGQTyXqAX,yXqAX,NGQTyXqAX@grey.wb,Alpha,SBL12D_yXqAX
NGQTxXpxX,xXpxX,NGQTxXpxX@grey.wb,Alpha,SBL12D_xXpxX
NGQTwdQQD,wdQQD,NGQTwdQQD@grey.wb,Alpha,SBL12D_wdQQD
NGQTrXZaD,rXZaD,NGQTrXZaD@grey.wb,Alpha,SBL12D_rXZaD
NGQTRlvLD,RlvLD,NGQTRlvLD@grey.wb,Alpha,SBL12D_RlvLD
NGQTPwymw,Pwymw,NGQTPwymw@grey.wb,Alpha,SBL12D_Pwymw
NGQTwMZrD,wMZrD,NGQTwMZrD@grey.wb,Alpha,SBL12D_wMZrD
NGQTwPkZl,wPkZl,NGQTwPkZl@grey.wb,Alpha,SBL12D_wPkZl
NGQTlRRol,lRRol,NGQTlRRol@grey.wb,Alpha,SBL12D_lRRol
NGQTlmVJw,lmVJw,NGQTlmVJw@grey.wb,Alpha,SBL12D_lmVJw
NGQTwVjpw,wVjpw,NGQTwVjpw@grey.wb,Alpha,SBL12D_wVjpw
NGQTlzAxX,lzAxX,NGQTlzAxX@grey.wb,Alpha,SBL12D_lzAxX
NGQTXgJPD,XgJPD,NGQTXgJPD@grey.wb,Alpha,SBL12D_XgJPD
NGQTwKxED,wKxED,NGQTwKxED@grey.wb,Alpha,SBL12D_wKxED
NGQTXLqxl,XLqxl,NGQTXLqxl@grey.wb,Alpha,SBL12D_XLqxl
NGQTXYEJX,XYEJX,NGQTXYEJX@grey.wb,Alpha,SBL12D_XYEJX
NGQTXnQbD,XnQbD,NGQTXnQbD@grey.wb,Alpha,SBL12D_XnQbD
NGQTloQJD,loQJD,NGQTloQJD@grey.wb,Alpha,SBL12D_loQJD
NGQTlBLQD,lBLQD,NGQTlBLQD@grey.wb,Alpha,SBL12D_lBLQD
NGQTlrVel,lrVel,NGQTlrVel@grey.wb,Alpha,SBL12D_lrVel
NGQTwjnNw,wjnNw,NGQTwjnNw@grey.wb,Alpha,SBL12D_wjnNw
NGQTweQAw,weQAw,NGQTweQAw@grey.wb,Alpha,SBL12D_weQAw
NGQTXybml,Xybml,NGQTXybml@grey.wb,Alpha,SBL12D_Xybml
NGQTwNxmX,wNxmX,NGQTwNxmX@grey.wb,Alpha,SBL12D_wNxmX
NGQTlGOnl,lGOnl,NGQTlGOnl@grey.wb,Alpha,SBL12D_lGOnl
NGQTDOKeD,DOKeD,NGQTDOKeD@grey.wb,Alpha,SBL12D_DOKeD
NGQTwANGD,wANGD,NGQTwANGD@grey.wb,Alpha,SBL12D_wANGD
NGQTDabjX,DabjX,NGQTDabjX@grey.wb,Alpha,SBL12D_DabjX
NGQTlkQdD,lkQdD,NGQTlkQdD@grey.wb,Alpha,SBL12D_lkQdD
NGQTDvrLD,DvrLD,NGQTDvrLD@grey.wb,Alpha,SBL12D_DvrLD
NGQTwZqal,wZqal,NGQTwZqal@grey.wb,Alpha,SBL12D_wZqal
NGQTwpLxw,wpLxw,NGQTwpLxw@grey.wb,Alpha,SBL12D_wpLxw
NGQTDxkqw,Dxkqw,NGQTDxkqw@grey.wb,Alpha,SBL12D_Dxkqw
NGQTlQmkl,lQmkl,NGQTlQmkl@grey.wb,Alpha,SBL12D_lQmkl
NGQTXdBQw,XdBQw,NGQTXdBQw@grey.wb,Alpha,SBL12D_XdBQw
NGQTXWLzl,XWLzl,NGQTXWLzl@grey.wb,Alpha,SBL12D_XWLzl
NGQTXPbZw,XPbZw,NGQTXPbZw@grey.wb,Alpha,SBL12D_XPbZw
NGQTwqEAw,wqEAw,NGQTwqEAw@grey.wb,Alpha,SBL12D_wqEAw
NGQTDmpJw,DmpJw,NGQTDmpJw@grey.wb,Alpha,SBL12D_DmpJw
NGQTXJMED,XJMED,NGQTXJMED@grey.wb,Alpha,SBL12D_XJMED
NGQTlbBdl,lbBdl,NGQTlbBdl@grey.wb,Alpha,SBL12D_lbBdl
NGQTDRooX,DRooX,NGQTDRooX@grey.wb,Alpha,SBL12D_DRooX
NGQTXKPEl,XKPEl,NGQTXKPEl@grey.wb,Alpha,SBL12D_XKPEl
NGQTXMxrD,XMxrD,NGQTXMxrD@grey.wb,Alpha,SBL12D_XMxrD
NGQTwgEPX,wgEPX,NGQTwgEPX@grey.wb,Alpha,SBL12D_wgEPX
NGQTXekAw,XekAw,NGQTXekAw@grey.wb,Alpha,SBL12D_XekAw
NGQTXVbpX,XVbpX,NGQTXVbpX@grey.wb,Alpha,SBL12D_XVbpX
NGQTwYNJD,wYNJD,NGQTwYNJD@grey.wb,Alpha,SBL12D_wYNJD
NGQTXjgNl,XjgNl,NGQTXjgNl@grey.wb,Alpha,SBL12D_XjgNl
NGQTXEzAl,XEzAl,NGQTXEzAl@grey.wb,Alpha,SBL12D_XEzAl
NGQTDzaxw,Dzaxw,NGQTDzaxw@grey.wb,Alpha,SBL12D_Dzaxw
NGQTDoEJl,DoEJl,NGQTDoEJl@grey.wb,Alpha,SBL12D_DoEJl
NGQTwnLbX,wnLbX,NGQTwnLbX@grey.wb,Alpha,SBL12D_wnLbX
NGQTDGdnX,DGdnX,NGQTDGdnX@grey.wb,Alpha,SBL12D_DGdnX
NGQTwLGxl,wLGxl,NGQTwLGxl@grey.wb,Alpha,SBL12D_wLGxl
NGQTXAVGl,XAVGl,NGQTXAVGl@grey.wb,Alpha,SBL12D_XAVGl
NGQTXNPmw,XNPmw,NGQTXNPmw@grey.wb,Alpha,SBL12D_XNPmw
NGQTlaEjl,laEjl,NGQTlaEjl@grey.wb,Alpha,SBL12D_laEjl
NGQTDraew,Draew,NGQTDraew@grey.wb,Alpha,SBL12D_Draew
NGQTwyamw,wyamw,NGQTwyamw@grey.wb,Alpha,SBL12D_wyamw
NGQTlxzqD,lxzqD,NGQTlxzqD@grey.wb,Alpha,SBL12D_lxzqD
NGQTXZMaD,XZMaD,NGQTXZMaD@grey.wb,Alpha,SBL12D_XZMaD
NGQTlvBLl,lvBLl,NGQTlvBLl@grey.wb,Alpha,SBL12D_lvBLl
NGQTDkgdD,DkgdD,NGQTDkgdD@grey.wb,Alpha,SBL12D_DkgdD
NGQTlOZeX,lOZeX,NGQTlOZeX@grey.wb,Alpha,SBL12D_lOZeX
NGQTDQdkw,DQdkw,NGQTDQdkw@grey.wb,Alpha,SBL12D_DQdkw
NGQTDBNQD,DBNQD,NGQTDBNQD@grey.wb,Alpha,SBL12D_DBNQD
NGQTXppxX,XppxX,NGQTXppxX@grey.wb,Alpha,SBL12D_XppxX
NGQTwWdzD,wWdzD,NGQTwWdzD@grey.wb,Alpha,SBL12D_wWdzD
NGQTWXEAX,WXEAX,NGQTWXEAX@grey.wb,Alpha,SBL12D_WXEAX
NGQTwEqAw,wEqAw,NGQTwEqAw@grey.wb,Alpha,SBL12D_wEqAw
NGQTWDmJX,WDmJX,NGQTWDmJX@grey.wb,Alpha,SBL12D_WDmJX
NGQTGXPZw,GXPZw,NGQTGXPZw@grey.wb,Alpha,SBL12D_GXPZw
NGQTgwLxw,gwLxw,NGQTgwLxw@grey.wb,Alpha,SBL12D_gwLxw
NGQTKwgPD,KwgPD,NGQTKwgPD@grey.wb,Alpha,SBL12D_KwgPD
NGQTWXeAX,WXeAX,NGQTWXeAX@grey.wb,Alpha,SBL12D_WXeAX
NGQTODoJw,ODoJw,NGQTODoJw@grey.wb,Alpha,SBL12D_ODoJw
NGQTeXdQl,eXdQl,NGQTeXdQl@grey.wb,Alpha,SBL12D_eXdQl
NGQTaDzxl,aDzxl,NGQTaDzxl@grey.wb,Alpha,SBL12D_aDzxl
NGQTGXVpw,GXVpw,NGQTGXVpw@grey.wb,Alpha,SBL12D_GXVpw
NGQTaDRoX,aDRoX,NGQTaDRoX@grey.wb,Alpha,SBL12D_aDRoX
NGQTVXMrl,VXMrl,NGQTVXMrl@grey.wb,Alpha,SBL12D_VXMrl
NGQTewnbw,ewnbw,NGQTewnbw@grey.wb,Alpha,SBL12D_ewnbw
NGQTYXKEw,YXKEw,NGQTYXKEw@grey.wb,Alpha,SBL12D_YXKEw
NGQTAXjNX,AXjNX,NGQTAXjNX@grey.wb,Alpha,SBL12D_AXjNX
NGQTrDGnw,rDGnw,NGQTrDGnw@grey.wb,Alpha,SBL12D_rDGnw
NGQTjXAGw,jXAGw,NGQTjXAGw@grey.wb,Alpha,SBL12D_jXAGw
NGQTBXNmD,BXNmD,NGQTBXNmD@grey.wb,Alpha,SBL12D_BXNmD
NGQTRDBQw,RDBQw,NGQTRDBQw@grey.wb,Alpha,SBL12D_RDBQw
NGQTvDkdX,vDkdX,NGQTvDkdX@grey.wb,Alpha,SBL12D_vDkdX
NGQTdwYJD,dwYJD,NGQTdwYJD@grey.wb,Alpha,SBL12D_dwYJD
NGQTolOeD,olOeD,NGQTolOeD@grey.wb,Alpha,SBL12D_olOeD
NGQTMwWzl,MwWzl,NGQTMwWzl@grey.wb,Alpha,SBL12D_MwWzl
NGQTOwJEl,OwJEl,NGQTOwJEl@grey.wb,Alpha,SBL12D_OwJEl
NGQTqDrew,qDrew,NGQTqDrew@grey.wb,Alpha,SBL12D_qDrew
NGQTqlajw,qlajw,NGQTqlajw@grey.wb,Alpha,SBL12D_qlajw
NGQTODQkl,ODQkl,NGQTODQkl@grey.wb,Alpha,SBL12D_ODQkl
NGQTBlxqw,Blxqw,NGQTBlxqw@grey.wb,Alpha,SBL12D_Blxqw
NGQTDbedw,Dbedw,NGQTDbedw@grey.wb,Alpha,SBL12D_Dbedw
NGQTyXqAX,yXqAX,NGQTyXqAX@grey.wb,Alpha,SBL12D_yXqAX
NGQTxXpxX,xXpxX,NGQTxXpxX@grey.wb,Alpha,SBL12D_xXpxX
NGQTwdQQD,wdQQD,NGQTwdQQD@grey.wb,Alpha,SBL12D_wdQQD
NGQTrXZaD,rXZaD,NGQTrXZaD@grey.wb,Alpha,SBL12D_rXZaD
NGQTRlvLD,RlvLD,NGQTRlvLD@grey.wb,Alpha,SBL12D_RlvLD
NGQTPwymw,Pwymw,NGQTPwymw@grey.wb,Alpha,SBL12D_Pwymw
NGQTwMZrD,wMZrD,NGQTwMZrD@grey.wb,Alpha,SBL12D_wMZrD
NGQTwPkZl,wPkZl,NGQTwPkZl@grey.wb,Alpha,SBL12D_wPkZl
NGQTlRRol,lRRol,NGQTlRRol@grey.wb,Alpha,SBL12D_lRRol
NGQTlmVJw,lmVJw,NGQTlmVJw@grey.wb,Alpha,SBL12D_lmVJw
NGQTwVjpw,wVjpw,NGQTwVjpw@grey.wb,Alpha,SBL12D_wVjpw
NGQTlzAxX,lzAxX,NGQTlzAxX@grey.wb,Alpha,SBL12D_lzAxX
NGQTXgJPD,XgJPD,NGQTXgJPD@grey.wb,Alpha,SBL12D_XgJPD
NGQTwKxED,wKxED,NGQTwKxED@grey.wb,Alpha,SBL12D_wKxED
NGQTXLqxl,XLqxl,NGQTXLqxl@grey.wb,Alpha,SBL12D_XLqxl
NGQTXYEJX,XYEJX,NGQTXYEJX@grey.wb,Alpha,SBL12D_XYEJX
NGQTXnQbD,XnQbD,NGQTXnQbD@grey.wb,Alpha,SBL12D_XnQbD
NGQTloQJD,loQJD,NGQTloQJD@grey.wb,Alpha,SBL12D_loQJD
NGQTlBLQD,lBLQD,NGQTlBLQD@grey.wb,Alpha,SBL12D_lBLQD
NGQTlrVel,lrVel,NGQTlrVel@grey.wb,Alpha,SBL12D_lrVel
NGQTwjnNw,wjnNw,NGQTwjnNw@grey.wb,Alpha,SBL12D_wjnNw
NGQTweQAw,weQAw,NGQTweQAw@grey.wb,Alpha,SBL12D_weQAw
NGQTXybml,Xybml,NGQTXybml@grey.wb,Alpha,SBL12D_Xybml
NGQTwNxmX,wNxmX,NGQTwNxmX@grey.wb,Alpha,SBL12D_wNxmX
NGQTlGOnl,lGOnl,NGQTlGOnl@grey.wb,Alpha,SBL12D_lGOnl
NGQTDOKeD,DOKeD,NGQTDOKeD@grey.wb,Alpha,SBL12D_DOKeD
NGQTwANGD,wANGD,NGQTwANGD@grey.wb,Alpha,SBL12D_wANGD
NGQTDabjX,DabjX,NGQTDabjX@grey.wb,Alpha,SBL12D_DabjX
NGQTlkQdD,lkQdD,NGQTlkQdD@grey.wb,Alpha,SBL12D_lkQdD
NGQTDvrLD,DvrLD,NGQTDvrLD@grey.wb,Alpha,SBL12D_DvrLD
NGQTwZqal,wZqal,NGQTwZqal@grey.wb,Alpha,SBL12D_wZqal
NGQTwpLxw,wpLxw,NGQTwpLxw@grey.wb,Alpha,SBL12D_wpLxw
NGQTDxkqw,Dxkqw,NGQTDxkqw@grey.wb,Alpha,SBL12D_Dxkqw
NGQTlQmkl,lQmkl,NGQTlQmkl@grey.wb,Alpha,SBL12D_lQmkl
NGQTXdBQw,XdBQw,NGQTXdBQw@grey.wb,Alpha,SBL12D_XdBQw
NGQTXWLzl,XWLzl,NGQTXWLzl@grey.wb,Alpha,SBL12D_XWLzl
NGQTXPbZw,XPbZw,NGQTXPbZw@grey.wb,Alpha,SBL12D_XPbZw
NGQTwqEAw,wqEAw,NGQTwqEAw@grey.wb,Alpha,SBL12D_wqEAw
NGQTDmpJw,DmpJw,NGQTDmpJw@grey.wb,Alpha,SBL12D_DmpJw
NGQTXJMED,XJMED,NGQTXJMED@grey.wb,Alpha,SBL12D_XJMED
NGQTlbBdl,lbBdl,NGQTlbBdl@grey.wb,Alpha,SBL12D_lbBdl
NGQTDRooX,DRooX,NGQTDRooX@grey.wb,Alpha,SBL12D_DRooX
NGQTXKPEl,XKPEl,NGQTXKPEl@grey.wb,Alpha,SBL12D_XKPEl
NGQTXMxrD,XMxrD,NGQTXMxrD@grey.wb,Alpha,SBL12D_XMxrD
NGQTwgEPX,wgEPX,NGQTwgEPX@grey.wb,Alpha,SBL12D_wgEPX
NGQTXekAw,XekAw,NGQTXekAw@grey.wb,Alpha,SBL12D_XekAw
NGQTXVbpX,XVbpX,NGQTXVbpX@grey.wb,Alpha,SBL12D_XVbpX
NGQTwYNJD,wYNJD,NGQTwYNJD@grey.wb,Alpha,SBL12D_wYNJD
NGQTXjgNl,XjgNl,NGQTXjgNl@grey.wb,Alpha,SBL12D_XjgNl
NGQTXEzAl,XEzAl,NGQTXEzAl@grey.wb,Alpha,SBL12D_XEzAl
NGQTDzaxw,Dzaxw,NGQTDzaxw@grey.wb,Alpha,SBL12D_Dzaxw
NGQTDoEJl,DoEJl,NGQTDoEJl@grey.wb,Alpha,SBL12D_DoEJl
NGQTwnLbX,wnLbX,NGQTwnLbX@grey.wb,Alpha,SBL12D_wnLbX
NGQTDGdnX,DGdnX,NGQTDGdnX@grey.wb,Alpha,SBL12D_DGdnX
NGQTwLGxl,wLGxl,NGQTwLGxl@grey.wb,Alpha,SBL12D_wLGxl
NGQTXAVGl,XAVGl,NGQTXAVGl@grey.wb,Alpha,SBL12D_XAVGl
NGQTXNPmw,XNPmw,NGQTXNPmw@grey.wb,Alpha,SBL12D_XNPmw
NGQTlaEjl,laEjl,NGQTlaEjl@grey.wb,Alpha,SBL12D_laEjl
NGQTDraew,Draew,NGQTDraew@grey.wb,Alpha,SBL12D_Draew
NGQTwyamw,wyamw,NGQTwyamw@grey.wb,Alpha,SBL12D_wyamw
NGQTlxzqD,lxzqD,NGQTlxzqD@grey.wb,Alpha,SBL12D_lxzqD
NGQTXZMaD,XZMaD,NGQTXZMaD@grey.wb,Alpha,SBL12D_XZMaD
NGQTlvBLl,lvBLl,NGQTlvBLl@grey.wb,Alpha,SBL12D_lvBLl
NGQTDkgdD,DkgdD,NGQTDkgdD@grey.wb,Alpha,SBL12D_DkgdD
NGQTlOZeX,lOZeX,NGQTlOZeX@grey.wb,Alpha,SBL12D_lOZeX
NGQTDQdkw,DQdkw,NGQTDQdkw@grey.wb,Alpha,SBL12D_DQdkw
NGQTDBNQD,DBNQD,NGQTDBNQD@grey.wb,Alpha,SBL12D_DBNQD
NGQTXppxX,XppxX,NGQTXppxX@grey.wb,Alpha,SBL12D_XppxX
NGQTwWdzD,wWdzD,NGQTwWdzD@grey.wb,Alpha,SBL12D_wWdzD
NGQTWXEAX,WXEAX,NGQTWXEAX@grey.wb,Alpha,SBL12D_WXEAX
NGQTwEqAw,wEqAw,NGQTwEqAw@grey.wb,Alpha,SBL12D_wEqAw
NGQTWDmJX,WDmJX,NGQTWDmJX@grey.wb,Alpha,SBL12D_WDmJX
NGQTGXPZw,GXPZw,NGQTGXPZw@grey.wb,Alpha,SBL12D_GXPZw
NGQTgwLxw,gwLxw,NGQTgwLxw@grey.wb,Alpha,SBL12D_gwLxw
NGQTKwgPD,KwgPD,NGQTKwgPD@grey.wb,Alpha,SBL12D_KwgPD
NGQTWXeAX,WXeAX,NGQTWXeAX@grey.wb,Alpha,SBL12D_WXeAX
NGQTODoJw,ODoJw,NGQTODoJw@grey.wb,Alpha,SBL12D_ODoJw
NGQTeXdQl,eXdQl,NGQTeXdQl@grey.wb,Alpha,SBL12D_eXdQl
NGQTaDzxl,aDzxl,NGQTaDzxl@grey.wb,Alpha,SBL12D_aDzxl
NGQTGXVpw,GXVpw,NGQTGXVpw@grey.wb,Alpha,SBL12D_GXVpw
NGQTaDRoX,aDRoX,NGQTaDRoX@grey.wb,Alpha,SBL12D_aDRoX
NGQTVXMrl,VXMrl,NGQTVXMrl@grey.wb,Alpha,SBL12D_VXMrl
NGQTewnbw,ewnbw,NGQTewnbw@grey.wb,Alpha,SBL12D_ewnbw
NGQTYXKEw,YXKEw,NGQTYXKEw@grey.wb,Alpha,SBL12D_YXKEw
NGQTAXjNX,AXjNX,NGQTAXjNX@grey.wb,Alpha,SBL12D_AXjNX
NGQTrDGnw,rDGnw,NGQTrDGnw@grey.wb,Alpha,SBL12D_rDGnw
NGQTjXAGw,jXAGw,NGQTjXAGw@grey.wb,Alpha,SBL12D_jXAGw
NGQTBXNmD,BXNmD,NGQTBXNmD@grey.wb,Alpha,SBL12D_BXNmD
NGQTRDBQw,RDBQw,NGQTRDBQw@grey.wb,Alpha,SBL12D_RDBQw
NGQTvDkdX,vDkdX,NGQTvDkdX@grey.wb,Alpha,SBL12D_vDkdX
NGQTdwYJD,dwYJD,NGQTdwYJD@grey.wb,Alpha,SBL12D_dwYJD
NGQTolOeD,olOeD,NGQTolOeD@grey.wb,Alpha,SBL12D_olOeD
NGQTMwWzl,MwWzl,NGQTMwWzl@grey.wb,Alpha,SBL12D_MwWzl
NGQTOwJEl,OwJEl,NGQTOwJEl@grey.wb,Alpha,SBL12D_OwJEl
NGQTqDrew,qDrew,NGQTqDrew@grey.wb,Alpha,SBL12D_qDrew
NGQTqlajw,qlajw,NGQTqlajw@grey.wb,Alpha,SBL12D_qlajw
NGQTODQkl,ODQkl,NGQTODQkl@grey.wb,Alpha,SBL12D_ODQkl
NGQTBlxqw,Blxqw,NGQTBlxqw@grey.wb,Alpha,SBL12D_Blxqw
NGQTDbedw,Dbedw,NGQTDbedw@grey.wb,Alpha,SBL12D_Dbedw
NGQTyXqAX,yXqAX,NGQTyXqAX@grey.wb,Alpha,SBL12D_yXqAX
NGQTxXpxX,xXpxX,NGQTxXpxX@grey.wb,Alpha,SBL12D_xXpxX
NGQTwdQQD,wdQQD,NGQTwdQQD@grey.wb,Alpha,SBL12D_wdQQD
NGQTrXZaD,rXZaD,NGQTrXZaD@grey.wb,Alpha,SBL12D_rXZaD
NGQTRlvLD,RlvLD,NGQTRlvLD@grey.wb,Alpha,SBL12D_RlvLD
NGQTPwymw,Pwymw,NGQTPwymw@grey.wb,Alpha,SBL12D_Pwymw
NGQTwMZrD,wMZrD,NGQTwMZrD@grey.wb,Alpha,SBL12D_wMZrD
NGQTwPkZl,wPkZl,NGQTwPkZl@grey.wb,Alpha,SBL12D_wPkZl
NGQTlRRol,lRRol,NGQTlRRol@grey.wb,Alpha,SBL12D_lRRol
NGQTlmVJw,lmVJw,NGQTlmVJw@grey.wb,Alpha,SBL12D_lmVJw
NGQTwVjpw,wVjpw,NGQTwVjpw@grey.wb,Alpha,SBL12D_wVjpw
NGQTlzAxX,lzAxX,NGQTlzAxX@grey.wb,Alpha,SBL12D_lzAxX
NGQTXgJPD,XgJPD,NGQTXgJPD@grey.wb,Alpha,SBL12D_XgJPD
NGQTwKxED,wKxED,NGQTwKxED@grey.wb,Alpha,SBL12D_wKxED
NGQTXLqxl,XLqxl,NGQTXLqxl@grey.wb,Alpha,SBL12D_XLqxl
NGQTXYEJX,XYEJX,NGQTXYEJX@grey.wb,Alpha,SBL12D_XYEJX
NGQTXnQbD,XnQbD,NGQTXnQbD@grey.wb,Alpha,SBL12D_XnQbD
NGQTloQJD,loQJD,NGQTloQJD@grey.wb,Alpha,SBL12D_loQJD
NGQTlBLQD,lBLQD,NGQTlBLQD@grey.wb,Alpha,SBL12D_lBLQD
NGQTlrVel,lrVel,NGQTlrVel@grey.wb,Alpha,SBL12D_lrVel
NGQTwjnNw,wjnNw,NGQTwjnNw@grey.wb,Alpha,SBL12D_wjnNw
NGQTweQAw,weQAw,NGQTweQAw@grey.wb,Alpha,SBL12D_weQAw
NGQTXybml,Xybml,NGQTXybml@grey.wb,Alpha,SBL12D_Xybml
NGQTwNxmX,wNxmX,NGQTwNxmX@grey.wb,Alpha,SBL12D_wNxmX
NGQTlGOnl,lGOnl,NGQTlGOnl@grey.wb,Alpha,SBL12D_lGOnl
NGQTDOKeD,DOKeD,NGQTDOKeD@grey.wb,Alpha,SBL12D_DOKeD
NGQTwANGD,wANGD,NGQTwANGD@grey.wb,Alpha,SBL12D_wANGD
NGQTDabjX,DabjX,NGQTDabjX@grey.wb,Alpha,SBL12D_DabjX
NGQTlkQdD,lkQdD,NGQTlkQdD@grey.wb,Alpha,SBL12D_lkQdD
NGQTDvrLD,DvrLD,NGQTDvrLD@grey.wb,Alpha,SBL12D_DvrLD
NGQTwZqal,wZqal,NGQTwZqal@grey.wb,Alpha,SBL12D_wZqal
NGQTwpLxw,wpLxw,NGQTwpLxw@grey.wb,Alpha,SBL12D_wpLxw
NGQTDxkqw,Dxkqw,NGQTDxkqw@grey.wb,Alpha,SBL12D_Dxkqw
NGQTlQmkl,lQmkl,NGQTlQmkl@grey.wb,Alpha,SBL12D_lQmkl
NGQTXdBQw,XdBQw,NGQTXdBQw@grey.wb,Alpha,SBL12D_XdBQw
NGQTXWLzl,XWLzl,NGQTXWLzl@grey.wb,Alpha,SBL12D_XWLzl
NGQTXPbZw,XPbZw,NGQTXPbZw@grey.wb,Alpha,SBL12D_XPbZw
NGQTwqEAw,wqEAw,NGQTwqEAw@grey.wb,Alpha,SBL12D_wqEAw
NGQTDmpJw,DmpJw,NGQTDmpJw@grey.wb,Alpha,SBL12D_DmpJw
NGQTXJMED,XJMED,NGQTXJMED@grey.wb,Alpha,SBL12D_XJMED
NGQTlbBdl,lbBdl,NGQTlbBdl@grey.wb,Alpha,SBL12D_lbBdl
NGQTDRooX,DRooX,NGQTDRooX@grey.wb,Alpha,SBL12D_DRooX
NGQTXKPEl,XKPEl,NGQTXKPEl@grey.wb,Alpha,SBL12D_XKPEl
NGQTXMxrD,XMxrD,NGQTXMxrD@grey.wb,Alpha,SBL12D_XMxrD
NGQTwgEPX,wgEPX,NGQTwgEPX@grey.wb,Alpha,SBL12D_wgEPX
NGQTXekAw,XekAw,NGQTXekAw@grey.wb,Alpha,SBL12D_XekAw
NGQTXVbpX,XVbpX,NGQTXVbpX@grey.wb,Alpha,SBL12D_XVbpX
NGQTwYNJD,wYNJD,NGQTwYNJD@grey.wb,Alpha,SBL12D_wYNJD
NGQTXjgNl,XjgNl,NGQTXjgNl@grey.wb,Alpha,SBL12D_XjgNl
NGQTXEzAl,XEzAl,NGQTXEzAl@grey.wb,Alpha,SBL12D_XEzAl
NGQTDzaxw,Dzaxw,NGQTDzaxw@grey.wb,Alpha,SBL12D_Dzaxw
NGQTDoEJl,DoEJl,NGQTDoEJl@grey.wb,Alpha,SBL12D_DoEJl
NGQTwnLbX,wnLbX,NGQTwnLbX@grey.wb,Alpha,SBL12D_wnLbX
NGQTDGdnX,DGdnX,NGQTDGdnX@grey.wb,Alpha,SBL12D_DGdnX
NGQTwLGxl,wLGxl,NGQTwLGxl@grey.wb,Alpha,SBL12D_wLGxl
NGQTXAVGl,XAVGl,NGQTXAVGl@grey.wb,Alpha,SBL12D_XAVGl
NGQTXNPmw,XNPmw,NGQTXNPmw@grey.wb,Alpha,SBL12D_XNPmw
NGQTlaEjl,laEjl,NGQTlaEjl@grey.wb,Alpha,SBL12D_laEjl
NGQTDraew,Draew,NGQTDraew@grey.wb,Alpha,SBL12D_Draew
NGQTwyamw,wyamw,NGQTwyamw@grey.wb,Alpha,SBL12D_wyamw
NGQTlxzqD,lxzqD,NGQTlxzqD@grey.wb,Alpha,SBL12D_lxzqD
NGQTXZMaD,XZMaD,NGQTXZMaD@grey.wb,Alpha,SBL12D_XZMaD
NGQTlvBLl,lvBLl,NGQTlvBLl@grey.wb,Alpha,SBL12D_lvBLl
NGQTDkgdD,DkgdD,NGQTDkgdD@grey.wb,Alpha,SBL12D_DkgdD
NGQTlOZeX,lOZeX,NGQTlOZeX@grey.wb,Alpha,SBL12D_lOZeX
NGQTDQdkw,DQdkw,NGQTDQdkw@grey.wb,Alpha,SBL12D_DQdkw
NGQTDBNQD,DBNQD,NGQTDBNQD@grey.wb,Alpha,SBL12D_DBNQD
NGQTXppxX,XppxX,NGQTXppxX@grey.wb,Alpha,SBL12D_XppxX
NGQTwWdzD,wWdzD,NGQTwWdzD@grey.wb,Alpha,SBL12D_wWdzD
NGQTWXEAX,WXEAX,NGQTWXEAX@grey.wb,Alpha,SBL12D_WXEAX
NGQTwEqAw,wEqAw,NGQTwEqAw@grey.wb,Alpha,SBL12D_wEqAw
NGQTWDmJX,WDmJX,NGQTWDmJX@grey.wb,Alpha,SBL12D_WDmJX
NGQTGXPZw,GXPZw,NGQTGXPZw@grey.wb,Alpha,SBL12D_GXPZw
NGQTgwLxw,gwLxw,NGQTgwLxw@grey.wb,Alpha,SBL12D_gwLxw
NGQTKwgPD,KwgPD,NGQTKwgPD@grey.wb,Alpha,SBL12D_KwgPD
NGQTWXeAX,WXeAX,NGQTWXeAX@grey.wb,Alpha,SBL12D_WXeAX
NGQTODoJw,ODoJw,NGQTODoJw@grey.wb,Alpha,SBL12D_ODoJw
NGQTeXdQl,eXdQl,NGQTeXdQl@grey.wb,Alpha,SBL12D_eXdQl
NGQTaDzxl,aDzxl,NGQTaDzxl@grey.wb,Alpha,SBL12D_aDzxl
NGQTGXVpw,GXVpw,NGQTGXVpw@grey.wb,Alpha,SBL12D_GXVpw
NGQTaDRoX,aDRoX,NGQTaDRoX@grey.wb,Alpha,SBL12D_aDRoX
NGQTVXMrl,VXMrl,NGQTVXMrl@grey.wb,Alpha,SBL12D_VXMrl
NGQTewnbw,ewnbw,NGQTewnbw@grey.wb,Alpha,SBL12D_ewnbw
NGQTYXKEw,YXKEw,NGQTYXKEw@grey.wb,Alpha,SBL12D_YXKEw
NGQTAXjNX,AXjNX,NGQTAXjNX@grey.wb,Alpha,SBL12D_AXjNX
NGQTrDGnw,rDGnw,NGQTrDGnw@grey.wb,Alpha,SBL12D_rDGnw
NGQTjXAGw,jXAGw,NGQTjXAGw@grey.wb,Alpha,SBL12D_jXAGw
NGQTBXNmD,BXNmD,NGQTBXNmD@grey.wb,Alpha,SBL12D_BXNmD
NGQTRDBQw,RDBQw,NGQTRDBQw@grey.wb,Alpha,SBL12D_RDBQw
NGQTvDkdX,vDkdX,NGQTvDkdX@grey.wb,Alpha,SBL12D_vDkdX
NGQTdwYJD,dwYJD,NGQTdwYJD@grey.wb,Alpha,SBL12D_dwYJD
NGQTolOeD,olOeD,NGQTolOeD@grey.wb,Alpha,SBL12D_olOeD
NGQTMwWzl,MwWzl,NGQTMwWzl@grey.wb,Alpha,SBL12D_MwWzl
NGQTOwJEl,OwJEl,NGQTOwJEl@grey.wb,Alpha,SBL12D_OwJEl
NGQTqDrew,qDrew,NGQTqDrew@grey.wb,Alpha,SBL12D_qDrew
NGQTqlajw,qlajw,NGQTqlajw@grey.wb,Alpha,SBL12D_qlajw
NGQTODQkl,ODQkl,NGQTODQkl@grey.wb,Alpha,SBL12D_ODQkl
NGQTBlxqw,Blxqw,NGQTBlxqw@grey.wb,Alpha,SBL12D_Blxqw
NGQTDbedw,Dbedw,NGQTDbedw@grey.wb,Alpha,SBL12D_Dbedw
NGQTyXqAX,yXqAX,NGQTyXqAX@grey.wb,Alpha,SBL12D_yXqAX
NGQTxXpxX,xXpxX,NGQTxXpxX@grey.wb,Alpha,SBL12D_xXpxX
NGQTwdQQD,wdQQD,NGQTwdQQD@grey.wb,Alpha,SBL12D_wdQQD
NGQTrXZaD,rXZaD,NGQTrXZaD@grey.wb,Alpha,SBL12D_rXZaD
NGQTRlvLD,RlvLD,NGQTRlvLD@grey.wb,Alpha,SBL12D_RlvLD
NGQTPwymw,Pwymw,NGQTPwymw@grey.wb,Alpha,SBL12D_Pwymw
NGQTwMZrD,wMZrD,NGQTwMZrD@grey.wb,Alpha,SBL12D_wMZrD
NGQTwPkZl,wPkZl,NGQTwPkZl@grey.wb,Alpha,SBL12D_wPkZl
NGQTlRRol,lRRol,NGQTlRRol@grey.wb,Alpha,SBL12D_lRRol
NGQTlmVJw,lmVJw,NGQTlmVJw@grey.wb,Alpha,SBL12D_lmVJw
NGQTwVjpw,wVjpw,NGQTwVjpw@grey.wb,Alpha,SBL12D_wVjpw
NGQTlzAxX,lzAxX,NGQTlzAxX@grey.wb,Alpha,SBL12D_lzAxX
NGQTXgJPD,XgJPD,NGQTXgJPD@grey.wb,Alpha,SBL12D_XgJPD
NGQTwKxED,wKxED,NGQTwKxED@grey.wb,Alpha,SBL12D_wKxED
NGQTXLqxl,XLqxl,NGQTXLqxl@grey.wb,Alpha,SBL12D_XLqxl
NGQTXYEJX,XYEJX,NGQTXYEJX@grey.wb,Alpha,SBL12D_XYEJX
NGQTXnQbD,XnQbD,NGQTXnQbD@grey.wb,Alpha,SBL12D_XnQbD
NGQTloQJD,loQJD,NGQTloQJD@grey.wb,Alpha,SBL12D_loQJD
NGQTlBLQD,lBLQD,NGQTlBLQD@grey.wb,Alpha,SBL12D_lBLQD
NGQTlrVel,lrVel,NGQTlrVel@grey.wb,Alpha,SBL12D_lrVel
NGQTwjnNw,wjnNw,NGQTwjnNw@grey.wb,Alpha,SBL12D_wjnNw
NGQTweQAw,weQAw,NGQTweQAw@grey.wb,Alpha,SBL12D_weQAw
NGQTXybml,Xybml,NGQTXybml@grey.wb,Alpha,SBL12D_Xybml
NGQTwNxmX,wNxmX,NGQTwNxmX@grey.wb,Alpha,SBL12D_wNxmX
NGQTlGOnl,lGOnl,NGQTlGOnl@grey.wb,Alpha,SBL12D_lGOnl
NGQTDOKeD,DOKeD,NGQTDOKeD@grey.wb,Alpha,SBL12D_DOKeD
NGQTwANGD,wANGD,NGQTwANGD@grey.wb,Alpha,SBL12D_wANGD
NGQTDabjX,DabjX,NGQTDabjX@grey.wb,Alpha,SBL12D_DabjX
NGQTlkQdD,lkQdD,NGQTlkQdD@grey.wb,Alpha,SBL12D_lkQdD
NGQTDvrLD,DvrLD,NGQTDvrLD@grey.wb,Alpha,SBL12D_DvrLD
NGQTwZqal,wZqal,NGQTwZqal@grey.wb,Alpha,SBL12D_wZqal
NGQTwpLxw,wpLxw,NGQTwpLxw@grey.wb,Alpha,SBL12D_wpLxw
NGQTDxkqw,Dxkqw,NGQTDxkqw@grey.wb,Alpha,SBL12D_Dxkqw
NGQTlQmkl,lQmkl,NGQTlQmkl@grey.wb,Alpha,SBL12D_lQmkl
NGQTXdBQw,XdBQw,NGQTXdBQw@grey.wb,Alpha,SBL12D_XdBQw
NGQTXWLzl,XWLzl,NGQTXWLzl@grey.wb,Alpha,SBL12D_XWLzl
NGQTXPbZw,XPbZw,NGQTXPbZw@grey.wb,Alpha,SBL12D_XPbZw
NGQTwqEAw,wqEAw,NGQTwqEAw@grey.wb,Alpha,SBL12D_wqEAw
NGQTDmpJw,DmpJw,NGQTDmpJw@grey.wb,Alpha,SBL12D_DmpJw
NGQTXJMED,XJMED,NGQTXJMED@grey.wb,Alpha,SBL12D_XJMED
NGQTlbBdl,lbBdl,NGQTlbBdl@grey.wb,Alpha,SBL12D_lbBdl
NGQTDRooX,DRooX,NGQTDRooX@grey.wb,Alpha,SBL12D_DRooX
NGQTXKPEl,XKPEl,NGQTXKPEl@grey.wb,Alpha,SBL12D_XKPEl
NGQTXMxrD,XMxrD,NGQTXMxrD@grey.wb,Alpha,SBL12D_XMxrD
NGQTwgEPX,wgEPX,NGQTwgEPX@grey.wb,Alpha,SBL12D_wgEPX
NGQTXekAw,XekAw,NGQTXekAw@grey.wb,Alpha,SBL12D_XekAw
NGQTXVbpX,XVbpX,NGQTXVbpX@grey.wb,Alpha,SBL12D_XVbpX
NGQTwYNJD,wYNJD,NGQTwYNJD@grey.wb,Alpha,SBL12D_wYNJD
NGQTXjgNl,XjgNl,NGQTXjgNl@grey.wb,Alpha,SBL12D_XjgNl
NGQTXEzAl,XEzAl,NGQTXEzAl@grey.wb,Alpha,SBL12D_XEzAl
NGQTDzaxw,Dzaxw,NGQTDzaxw@grey.wb,Alpha,SBL12D_Dzaxw
NGQTDoEJl,DoEJl,NGQTDoEJl@grey.wb,Alpha,SBL12D_DoEJl
NGQTwnLbX,wnLbX,NGQTwnLbX@grey.wb,Alpha,SBL12D_wnLbX
NGQTDGdnX,DGdnX,NGQTDGdnX@grey.wb,Alpha,SBL12D_DGdnX
NGQTwLGxl,wLGxl,NGQTwLGxl@grey.wb,Alpha,SBL12D_wLGxl
NGQTXAVGl,XAVGl,NGQTXAVGl@grey.wb,Alpha,SBL12D_XAVGl
NGQTXNPmw,XNPmw,NGQTXNPmw@grey.wb,Alpha,SBL12D_XNPmw
NGQTlaEjl,laEjl,NGQTlaEjl@grey.wb,Alpha,SBL12D_laEjl
NGQTDraew,Draew,NGQTDraew@grey.wb,Alpha,SBL12D_Draew
NGQTwyamw,wyamw,NGQTwyamw@grey.wb,Alpha,SBL12D_wyamw
NGQTlxzqD,lxzqD,NGQTlxzqD@grey.wb,Alpha,SBL12D_lxzqD
NGQTXZMaD,XZMaD,NGQTXZMaD@grey.wb,Alpha,SBL12D_XZMaD
NGQTlvBLl,lvBLl,NGQTlvBLl@grey.wb,Alpha,SBL12D_lvBLl
NGQTDkgdD,DkgdD,NGQTDkgdD@grey.wb,Alpha,SBL12D_DkgdD
NGQTlOZeX,lOZeX,NGQTlOZeX@grey.wb,Alpha,SBL12D_lOZeX
NGQTDQdkw,DQdkw,NGQTDQdkw@grey.wb,Alpha,SBL12D_DQdkw
NGQTDBNQD,DBNQD,NGQTDBNQD@grey.wb,Alpha,SBL12D_DBNQD
NGQTXppxX,XppxX,NGQTXppxX@grey.wb,Alpha,SBL12D_XppxX
NGQTwWdzD,wWdzD,NGQTwWdzD@grey.wb,Alpha,SBL12D_wWdzD
NGQTWXEAX,WXEAX,NGQTWXEAX@grey.wb,Alpha,SBL12D_WXEAX
NGQTwEqAw,wEqAw,NGQTwEqAw@grey.wb,Alpha,SBL12D_wEqAw
NGQTWDmJX,WDmJX,NGQTWDmJX@grey.wb,Alpha,SBL12D_WDmJX
NGQTGXPZw,GXPZw,NGQTGXPZw@grey.wb,Alpha,SBL12D_GXPZw
NGQTgwLxw,gwLxw,NGQTgwLxw@grey.wb,Alpha,SBL12D_gwLxw
NGQTKwgPD,KwgPD,NGQTKwgPD@grey.wb,Alpha,SBL12D_KwgPD
NGQTWXeAX,WXeAX,NGQTWXeAX@grey.wb,Alpha,SBL12D_WXeAX
NGQTODoJw,ODoJw,NGQTODoJw@grey.wb,Alpha,SBL12D_ODoJw
NGQTeXdQl,eXdQl,NGQTeXdQl@grey.wb,Alpha,SBL12D_eXdQl
NGQTaDzxl,aDzxl,NGQTaDzxl@grey.wb,Alpha,SBL12D_aDzxl
NGQTGXVpw,GXVpw,NGQTGXVpw@grey.wb,Alpha,SBL12D_GXVpw
NGQTaDRoX,aDRoX,NGQTaDRoX@grey.wb,Alpha,SBL12D_aDRoX
NGQTVXMrl,VXMrl,NGQTVXMrl@grey.wb,Alpha,SBL12D_VXMrl
NGQTewnbw,ewnbw,NGQTewnbw@grey.wb,Alpha,SBL12D_ewnbw
NGQTYXKEw,YXKEw,NGQTYXKEw@grey.wb,Alpha,SBL12D_YXKEw
NGQTAXjNX,AXjNX,NGQTAXjNX@grey.wb,Alpha,SBL12D_AXjNX
NGQTrDGnw,rDGnw,NGQTrDGnw@grey.wb,Alpha,SBL12D_rDGnw
NGQTjXAGw,jXAGw,NGQTjXAGw@grey.wb,Alpha,SBL12D_jXAGw
NGQTBXNmD,BXNmD,NGQTBXNmD@grey.wb,Alpha,SBL12D_BXNmD
NGQTRDBQw,RDBQw,NGQTRDBQw@grey.wb,Alpha,SBL12D_RDBQw
NGQTvDkdX,vDkdX,NGQTvDkdX@grey.wb,Alpha,SBL12D_vDkdX
NGQTdwYJD,dwYJD,NGQTdwYJD@grey.wb,Alpha,SBL12D_dwYJD
NGQTolOeD,olOeD,NGQTolOeD@grey.wb,Alpha,SBL12D_olOeD
NGQTMwWzl,MwWzl,NGQTMwWzl@grey.wb,Alpha,SBL12D_MwWzl
NGQTOwJEl,OwJEl,NGQTOwJEl@grey.wb,Alpha,SBL12D_OwJEl
NGQTqDrew,qDrew,NGQTqDrew@grey.wb,Alpha,SBL12D_qDrew
NGQTqlajw,qlajw,NGQTqlajw@grey.wb,Alpha,SBL12D_qlajw
NGQTODQkl,ODQkl,NGQTODQkl@grey.wb,Alpha,SBL12D_ODQkl
NGQTBlxqw,Blxqw,NGQTBlxqw@grey.wb,Alpha,SBL12D_Blxqw
NGQTDbedw,Dbedw,NGQTDbedw@grey.wb,Alpha,SBL12D_Dbedw
NGQTyXqAX,yXqAX,NGQTyXqAX@grey.wb,Alpha,SBL12D_yXqAX
NGQTxXpxX,xXpxX,NGQTxXpxX@grey.wb,Alpha,SBL12D_xXpxX
NGQTwdQQD,wdQQD,NGQTwdQQD@grey.wb,Alpha,SBL12D_wdQQD
NGQTrXZaD,rXZaD,NGQTrXZaD@grey.wb,Alpha,SBL12D_rXZaD
NGQTRlvLD,RlvLD,NGQTRlvLD@grey.wb,Alpha,SBL12D_RlvLD
NGQTPwymw,Pwymw,NGQTPwymw@grey.wb,Alpha,SBL12D_Pwymw
NGQTwMZrD,wMZrD,NGQTwMZrD@grey.wb,Alpha,SBL12D_wMZrD
NGQTwPkZl,wPkZl,NGQTwPkZl@grey.wb,Alpha,SBL12D_wPkZl
NGQTlRRol,lRRol,NGQTlRRol@grey.wb,Alpha,SBL12D_lRRol
NGQTlmVJw,lmVJw,NGQTlmVJw@grey.wb,Alpha,SBL12D_lmVJw
NGQTwVjpw,wVjpw,NGQTwVjpw@grey.wb,Alpha,SBL12D_wVjpw
NGQTlzAxX,lzAxX,NGQTlzAxX@grey.wb,Alpha,SBL12D_lzAxX
NGQTXgJPD,XgJPD,NGQTXgJPD@grey.wb,Alpha,SBL12D_XgJPD
NGQTwKxED,wKxED,NGQTwKxED@grey.wb,Alpha,SBL12D_wKxED
NGQTXLqxl,XLqxl,NGQTXLqxl@grey.wb,Alpha,SBL12D_XLqxl
NGQTXYEJX,XYEJX,NGQTXYEJX@grey.wb,Alpha,SBL12D_XYEJX
NGQTXnQbD,XnQbD,NGQTXnQbD@grey.wb,Alpha,SBL12D_XnQbD
NGQTloQJD,loQJD,NGQTloQJD@grey.wb,Alpha,SBL12D_loQJD
NGQTlBLQD,lBLQD,NGQTlBLQD@grey.wb,Alpha,SBL12D_lBLQD
NGQTlrVel,lrVel,NGQTlrVel@grey.wb,Alpha,SBL12D_lrVel
NGQTwjnNw,wjnNw,NGQTwjnNw@grey.wb,Alpha,SBL12D_wjnNw
NGQTweQAw,weQAw,NGQTweQAw@grey.wb,Alpha,SBL12D_weQAw
NGQTXybml,Xybml,NGQTXybml@grey.wb,Alpha,SBL12D_Xybml
NGQTwNxmX,wNxmX,NGQTwNxmX@grey.wb,Alpha,SBL12D_wNxmX
NGQTlGOnl,lGOnl,NGQTlGOnl@grey.wb,Alpha,SBL12D_lGOnl
NGQTDOKeD,DOKeD,NGQTDOKeD@grey.wb,Alpha,SBL12D_DOKeD
NGQTwANGD,wANGD,NGQTwANGD@grey.wb,Alpha,SBL12D_wANGD
NGQTDabjX,DabjX,NGQTDabjX@grey.wb,Alpha,SBL12D_DabjX
NGQTlkQdD,lkQdD,NGQTlkQdD@grey.wb,Alpha,SBL12D_lkQdD
NGQTDvrLD,DvrLD,NGQTDvrLD@grey.wb,Alpha,SBL12D_DvrLD
NGQTwZqal,wZqal,NGQTwZqal@grey.wb,Alpha,SBL12D_wZqal
NGQTwpLxw,wpLxw,NGQTwpLxw@grey.wb,Alpha,SBL12D_wpLxw
NGQTDxkqw,Dxkqw,NGQTDxkqw@grey.wb,Alpha,SBL12D_Dxkqw
NGQTlQmkl,lQmkl,NGQTlQmkl@grey.wb,Alpha,SBL12D_lQmkl
NGQTXdBQw,XdBQw,NGQTXdBQw@grey.wb,Alpha,SBL12D_XdBQw
NGQTXWLzl,XWLzl,NGQTXWLzl@grey.wb,Alpha,SBL12D_XWLzl
NGQTXPbZw,XPbZw,NGQTXPbZw@grey.wb,Alpha,SBL12D_XPbZw
NGQTwqEAw,wqEAw,NGQTwqEAw@grey.wb,Alpha,SBL12D_wqEAw
NGQTDmpJw,DmpJw,NGQTDmpJw@grey.wb,Alpha,SBL12D_DmpJw
NGQTXJMED,XJMED,NGQTXJMED@grey.wb,Alpha,SBL12D_XJMED
NGQTlbBdl,lbBdl,NGQTlbBdl@grey.wb,Alpha,SBL12D_lbBdl
NGQTDRooX,DRooX,NGQTDRooX@grey.wb,Alpha,SBL12D_DRooX
NGQTXKPEl,XKPEl,NGQTXKPEl@grey.wb,Alpha,SBL12D_XKPEl
NGQTXMxrD,XMxrD,NGQTXMxrD@grey.wb,Alpha,SBL12D_XMxrD
NGQTwgEPX,wgEPX,NGQTwgEPX@grey.wb,Alpha,SBL12D_wgEPX
NGQTXekAw,XekAw,NGQTXekAw@grey.wb,Alpha,SBL12D_XekAw
NGQTXVbpX,XVbpX,NGQTXVbpX@grey.wb,Alpha,SBL12D_XVbpX
NGQTwYNJD,wYNJD,NGQTwYNJD@grey.wb,Alpha,SBL12D_wYNJD
NGQTXjgNl,XjgNl,NGQTXjgNl@grey.wb,Alpha,SBL12D_XjgNl
NGQTXEzAl,XEzAl,NGQTXEzAl@grey.wb,Alpha,SBL12D_XEzAl
NGQTDzaxw,Dzaxw,NGQTDzaxw@grey.wb,Alpha,SBL12D_Dzaxw
NGQTDoEJl,DoEJl,NGQTDoEJl@grey.wb,Alpha,SBL12D_DoEJl
NGQTwnLbX,wnLbX,NGQTwnLbX@grey.wb,Alpha,SBL12D_wnLbX
NGQTDGdnX,DGdnX,NGQTDGdnX@grey.wb,Alpha,SBL12D_DGdnX
NGQTwLGxl,wLGxl,NGQTwLGxl@grey.wb,Alpha,SBL12D_wLGxl
NGQTXAVGl,XAVGl,NGQTXAVGl@grey.wb,Alpha,SBL12D_XAVGl
NGQTXNPmw,XNPmw,NGQTXNPmw@grey.wb,Alpha,SBL12D_XNPmw
NGQTlaEjl,laEjl,NGQTlaEjl@grey.wb,Alpha,SBL12D_laEjl
NGQTDraew,Draew,NGQTDraew@grey.wb,Alpha,SBL12D_Draew
NGQTwyamw,wyamw,NGQTwyamw@grey.wb,Alpha,SBL12D_wyamw
NGQTlxzqD,lxzqD,NGQTlxzqD@grey.wb,Alpha,SBL12D_lxzqD
NGQTXZMaD,XZMaD,NGQTXZMaD@grey.wb,Alpha,SBL12D_XZMaD
NGQTlvBLl,lvBLl,NGQTlvBLl@grey.wb,Alpha,SBL12D_lvBLl
NGQTDkgdD,DkgdD,NGQTDkgdD@grey.wb,Alpha,SBL12D_DkgdD
NGQTlOZeX,lOZeX,NGQTlOZeX@grey.wb,Alpha,SBL12D_lOZeX
NGQTDQdkw,DQdkw,NGQTDQdkw@grey.wb,Alpha,SBL12D_DQdkw
NGQTDBNQD,DBNQD,NGQTDBNQD@grey.wb,Alpha,SBL12D_DBNQD
NGQTXppxX,XppxX,NGQTXppxX@grey.wb,Alpha,SBL12D_XppxX
NGQTwWdzD,wWdzD,NGQTwWdzD@grey.wb,Alpha,SBL12D_wWdzD
NGQTWXEAX,WXEAX,NGQTWXEAX@grey.wb,Alpha,SBL12D_WXEAX
NGQTwEqAw,wEqAw,NGQTwEqAw@grey.wb,Alpha,SBL12D_wEqAw
NGQTWDmJX,WDmJX,NGQTWDmJX@grey.wb,Alpha,SBL12D_WDmJX
NGQTGXPZw,GXPZw,NGQTGXPZw@grey.wb,Alpha,SBL12D_GXPZw
NGQTgwLxw,gwLxw,NGQTgwLxw@grey.wb,Alpha,SBL12D_gwLxw
NGQTKwgPD,KwgPD,NGQTKwgPD@grey.wb,Alpha,SBL12D_KwgPD
NGQTWXeAX,WXeAX,NGQTWXeAX@grey.wb,Alpha,SBL12D_WXeAX
NGQTODoJw,ODoJw,NGQTODoJw@grey.wb,Alpha,SBL12D_ODoJw
NGQTeXdQl,eXdQl,NGQTeXdQl@grey.wb,Alpha,SBL12D_eXdQl
NGQTaDzxl,aDzxl,NGQTaDzxl@grey.wb,Alpha,SBL12D_aDzxl
NGQTGXVpw,GXVpw,NGQTGXVpw@grey.wb,Alpha,SBL12D_GXVpw
NGQTaDRoX,aDRoX,NGQTaDRoX@grey.wb,Alpha,SBL12D_aDRoX
NGQTVXMrl,VXMrl,NGQTVXMrl@grey.wb,Alpha,SBL12D_VXMrl
NGQTewnbw,ewnbw,NGQTewnbw@grey.wb,Alpha,SBL12D_ewnbw
NGQTYXKEw,YXKEw,NGQTYXKEw@grey.wb,Alpha,SBL12D_YXKEw
NGQTAXjNX,AXjNX,NGQTAXjNX@grey.wb,Alpha,SBL12D_AXjNX
NGQTrDGnw,rDGnw,NGQTrDGnw@grey.wb,Alpha,SBL12D_rDGnw
NGQTjXAGw,jXAGw,NGQTjXAGw@grey.wb,Alpha,SBL12D_jXAGw
NGQTBXNmD,BXNmD,NGQTBXNmD@grey.wb,Alpha,SBL12D_BXNmD
NGQTRDBQw,RDBQw,NGQTRDBQw@grey.wb,Alpha,SBL12D_RDBQw
NGQTvDkdX,vDkdX,NGQTvDkdX@grey.wb,Alpha,SBL12D_vDkdX
NGQTdwYJD,dwYJD,NGQTdwYJD@grey.wb,Alpha,SBL12D_dwYJD
NGQTolOeD,olOeD,NGQTolOeD@grey.wb,Alpha,SBL12D_olOeD
NGQTMwWzl,MwWzl,NGQTMwWzl@grey.wb,Alpha,SBL12D_MwWzl
NGQTOwJEl,OwJEl,NGQTOwJEl@grey.wb,Alpha,SBL12D_OwJEl
NGQTqDrew,qDrew,NGQTqDrew@grey.wb,Alpha,SBL12D_qDrew
NGQTqlajw,qlajw,NGQTqlajw@grey.wb,Alpha,SBL12D_qlajw
NGQTODQkl,ODQkl,NGQTODQkl@grey.wb,Alpha,SBL12D_ODQkl
NGQTBlxqw,Blxqw,NGQTBlxqw@grey.wb,Alpha,SBL12D_Blxqw
NGQTDbedw,Dbedw,NGQTDbedw@grey.wb,Alpha,SBL12D_Dbedw
NGQTyXqAX,yXqAX,NGQTyXqAX@grey.wb,Alpha,SBL12D_yXqAX
NGQTxXpxX,xXpxX,NGQTxXpxX@grey.wb,Alpha,SBL12D_xXpxX
NGQTwdQQD,wdQQD,NGQTwdQQD@grey.wb,Alpha,SBL12D_wdQQD
NGQTrXZaD,rXZaD,NGQTrXZaD@grey.wb,Alpha,SBL12D_rXZaD
NGQTRlvLD,RlvLD,NGQTRlvLD@grey.wb,Alpha,SBL12D_RlvLD
NGQTPwymw,Pwymw,NGQTPwymw@grey.wb,Alpha,SBL12D_Pwymw
NGQTwMZrD,wMZrD,NGQTwMZrD@grey.wb,Alpha,SBL12D_wMZrD
NGQTwPkZl,wPkZl,NGQTwPkZl@grey.wb,Alpha,SBL12D_wPkZl
NGQTlRRol,lRRol,NGQTlRRol@grey.wb,Alpha,SBL12D_lRRol
NGQTlmVJw,lmVJw,NGQTlmVJw@grey.wb,Alpha,SBL12D_lmVJw
NGQTwVjpw,wVjpw,NGQTwVjpw@grey.wb,Alpha,SBL12D_wVjpw
NGQTlzAxX,lzAxX,NGQTlzAxX@grey.wb,Alpha,SBL12D_lzAxX
NGQTXgJPD,XgJPD,NGQTXgJPD@grey.wb,Alpha,SBL12D_XgJPD
NGQTwKxED,wKxED,NGQTwKxED@grey.wb,Alpha,SBL12D_wKxED
NGQTXLqxl,XLqxl,NGQTXLqxl@grey.wb,Alpha,SBL12D_XLqxl
NGQTXYEJX,XYEJX,NGQTXYEJX@grey.wb,Alpha,SBL12D_XYEJX
NGQTXnQbD,XnQbD,NGQTXnQbD@grey.wb,Alpha,SBL12D_XnQbD
NGQTloQJD,loQJD,NGQTloQJD@grey.wb,Alpha,SBL12D_loQJD
NGQTlBLQD,lBLQD,NGQTlBLQD@grey.wb,Alpha,SBL12D_lBLQD
NGQTlrVel,lrVel,NGQTlrVel@grey.wb,Alpha,SBL12D_lrVel
NGQTwjnNw,wjnNw,NGQTwjnNw@grey.wb,Alpha,SBL12D_wjnNw
NGQTweQAw,weQAw,NGQTweQAw@grey.wb,Alpha,SBL12D_weQAw
NGQTXybml,Xybml,NGQTXybml@grey.wb,Alpha,SBL12D_Xybml
NGQTwNxmX,wNxmX,NGQTwNxmX@grey.wb,Alpha,SBL12D_wNxmX
NGQTlGOnl,lGOnl,NGQTlGOnl@grey.wb,Alpha,SBL12D_lGOnl
NGQTDOKeD,DOKeD,NGQTDOKeD@grey.wb,Alpha,SBL12D_DOKeD
NGQTwANGD,wANGD,NGQTwANGD@grey.wb,Alpha,SBL12D_wANGD
NGQTDabjX,DabjX,NGQTDabjX@grey.wb,Alpha,SBL12D_DabjX
NGQTlkQdD,lkQdD,NGQTlkQdD@grey.wb,Alpha,SBL12D_lkQdD
NGQTDvrLD,DvrLD,NGQTDvrLD@grey.wb,Alpha,SBL12D_DvrLD
NGQTwZqal,wZqal,NGQTwZqal@grey.wb,Alpha,SBL12D_wZqal
NGQTwpLxw,wpLxw,NGQTwpLxw@grey.wb,Alpha,SBL12D_wpLxw
NGQTDxkqw,Dxkqw,NGQTDxkqw@grey.wb,Alpha,SBL12D_Dxkqw
NGQTlQmkl,lQmkl,NGQTlQmkl@grey.wb,Alpha,SBL12D_lQmkl
NGQTXdBQw,XdBQw,NGQTXdBQw@grey.wb,Alpha,SBL12D_XdBQw
NGQTXWLzl,XWLzl,NGQTXWLzl@grey.wb,Alpha,SBL12D_XWLzl
NGQTXPbZw,XPbZw,NGQTXPbZw@grey.wb,Alpha,SBL12D_XPbZw
NGQTwqEAw,wqEAw,NGQTwqEAw@grey.wb,Alpha,SBL12D_wqEAw
NGQTDmpJw,DmpJw,NGQTDmpJw@grey.wb,Alpha,SBL12D_DmpJw
NGQTXJMED,XJMED,NGQTXJMED@grey.wb,Alpha,SBL12D_XJMED
NGQTlbBdl,lbBdl,NGQTlbBdl@grey.wb,Alpha,SBL12D_lbBdl
NGQTDRooX,DRooX,NGQTDRooX@grey.wb,Alpha,SBL12D_DRooX
NGQTXKPEl,XKPEl,NGQTXKPEl@grey.wb,Alpha,SBL12D_XKPEl
NGQTXMxrD,XMxrD,NGQTXMxrD@grey.wb,Alpha,SBL12D_XMxrD
NGQTwgEPX,wgEPX,NGQTwgEPX@grey.wb,Alpha,SBL12D_wgEPX
NGQTXekAw,XekAw,NGQTXekAw@grey.wb,Alpha,SBL12D_XekAw
NGQTXVbpX,XVbpX,NGQTXVbpX@grey.wb,Alpha,SBL12D_XVbpX
NGQTwYNJD,wYNJD,NGQTwYNJD@grey.wb,Alpha,SBL12D_wYNJD
NGQTXjgNl,XjgNl,NGQTXjgNl@grey.wb,Alpha,SBL12D_XjgNl
NGQTXEzAl,XEzAl,NGQTXEzAl@grey.wb,Alpha,SBL12D_XEzAl
NGQTDzaxw,Dzaxw,NGQTDzaxw@grey.wb,Alpha,SBL12D_Dzaxw
NGQTDoEJl,DoEJl,NGQTDoEJl@grey.wb,Alpha,SBL12D_DoEJl
NGQTwnLbX,wnLbX,NGQTwnLbX@grey.wb,Alpha,SBL12D_wnLbX
NGQTDGdnX,DGdnX,NGQTDGdnX@grey.wb,Alpha,SBL12D_DGdnX
NGQTwLGxl,wLGxl,NGQTwLGxl@grey.wb,Alpha,SBL12D_wLGxl
NGQTXAVGl,XAVGl,NGQTXAVGl@grey.wb,Alpha,SBL12D_XAVGl
NGQTXNPmw,XNPmw,NGQTXNPmw@grey.wb,Alpha,SBL12D_XNPmw
NGQTlaEjl,laEjl,NGQTlaEjl@grey.wb,Alpha,SBL12D_laEjl
NGQTDraew,Draew,NGQTDraew@grey.wb,Alpha,SBL12D_Draew
NGQTwyamw,wyamw,NGQTwyamw@grey.wb,Alpha,SBL12D_wyamw
NGQTlxzqD,lxzqD,NGQTlxzqD@grey.wb,Alpha,SBL12D_lxzqD
NGQTXZMaD,XZMaD,NGQTXZMaD@grey.wb,Alpha,SBL12D_XZMaD
NGQTlvBLl,lvBLl,NGQTlvBLl@grey.wb,Alpha,SBL12D_lvBLl
NGQTDkgdD,DkgdD,NGQTDkgdD@grey.wb,Alpha,SBL12D_DkgdD
NGQTlOZeX,lOZeX,NGQTlOZeX@grey.wb,Alpha,SBL12D_lOZeX
NGQTDQdkw,DQdkw,NGQTDQdkw@grey.wb,Alpha,SBL12D_DQdkw
NGQTDBNQD,DBNQD,NGQTDBNQD@grey.wb,Alpha,SBL12D_DBNQD
NGQTXppxX,XppxX,NGQTXppxX@grey.wb,Alpha,SBL12D_XppxX
NGQTwWdzD,wWdzD,NGQTwWdzD@grey.wb,Alpha,SBL12D_wWdzD
NGQTWXEAX,WXEAX,NGQTWXEAX@grey.wb,Alpha,SBL12D_WXEAX
NGQTwEqAw,wEqAw,NGQTwEqAw@grey.wb,Alpha,SBL12D_wEqAw
NGQTWDmJX,WDmJX,NGQTWDmJX@grey.wb,Alpha,SBL12D_WDmJX
NGQTGXPZw,GXPZw,NGQTGXPZw@grey.wb,Alpha,SBL12D_GXPZw
NGQTgwLxw,gwLxw,NGQTgwLxw@grey.wb,Alpha,SBL12D_gwLxw
NGQTKwgPD,KwgPD,NGQTKwgPD@grey.wb,Alpha,SBL12D_KwgPD
NGQTWXeAX,WXeAX,NGQTWXeAX@grey.wb,Alpha,SBL12D_WXeAX
NGQTODoJw,ODoJw,NGQTODoJw@grey.wb,Alpha,SBL12D_ODoJw
NGQTeXdQl,eXdQl,NGQTeXdQl@grey.wb,Alpha,SBL12D_eXdQl
NGQTaDzxl,aDzxl,NGQTaDzxl@grey.wb,Alpha,SBL12D_aDzxl
NGQTGXVpw,GXVpw,NGQTGXVpw@grey.wb,Alpha,SBL12D_GXVpw
NGQTaDRoX,aDRoX,NGQTaDRoX@grey.wb,Alpha,SBL12D_aDRoX
NGQTVXMrl,VXMrl,NGQTVXMrl@grey.wb,Alpha,SBL12D_VXMrl
NGQTewnbw,ewnbw,NGQTewnbw@grey.wb,Alpha,SBL12D_ewnbw
NGQTYXKEw,YXKEw,NGQTYXKEw@grey.wb,Alpha,SBL12D_YXKEw
NGQTAXjNX,AXjNX,NGQTAXjNX@grey.wb,Alpha,SBL12D_AXjNX
NGQTrDGnw,rDGnw,NGQTrDGnw@grey.wb,Alpha,SBL12D_rDGnw
NGQTjXAGw,jXAGw,NGQTjXAGw@grey.wb,Alpha,SBL12D_jXAGw
NGQTBXNmD,BXNmD,NGQTBXNmD@grey.wb,Alpha,SBL12D_BXNmD
NGQTRDBQw,RDBQw,NGQTRDBQw@grey.wb,Alpha,SBL12D_RDBQw
NGQTvDkdX,vDkdX,NGQTvDkdX@grey.wb,Alpha,SBL12D_vDkdX
NGQTdwYJD,dwYJD,NGQTdwYJD@grey.wb,Alpha,SBL12D_dwYJD
NGQTolOeD,olOeD,NGQTolOeD@grey.wb,Alpha,SBL12D_olOeD
NGQTMwWzl,MwWzl,NGQTMwWzl@grey.wb,Alpha,SBL12D_MwWzl
NGQTOwJEl,OwJEl,NGQTOwJEl@grey.wb,Alpha,SBL12D_OwJEl
NGQTqDrew,qDrew,NGQTqDrew@grey.wb,Alpha,SBL12D_qDrew
NGQTqlajw,qlajw,NGQTqlajw@grey.wb,Alpha,SBL12D_qlajw
NGQTODQkl,ODQkl,NGQTODQkl@grey.wb,Alpha,SBL12D_ODQkl
NGQTBlxqw,Blxqw,NGQTBlxqw@grey.wb,Alpha,SBL12D_Blxqw
NGQTDbedw,Dbedw,NGQTDbedw@grey.wb,Alpha,SBL12D_Dbedw
NGQTyXqAX,yXqAX,NGQTyXqAX@grey.wb,Alpha,SBL12D_yXqAX
NGQTxXpxX,xXpxX,NGQTxXpxX@grey.wb,Alpha,SBL12D_xXpxX
NGQTwdQQD,wdQQD,NGQTwdQQD@grey.wb,Alpha,SBL12D_wdQQD
NGQTrXZaD,rXZaD,NGQTrXZaD@grey.wb,Alpha,SBL12D_rXZaD
NGQTRlvLD,RlvLD,NGQTRlvLD@grey.wb,Alpha,SBL12D_RlvLD
NGQTPwymw,Pwymw,NGQTPwymw@grey.wb,Alpha,SBL12D_Pwymw
NGQTwMZrD,wMZrD,NGQTwMZrD@grey.wb,Alpha,SBL12D_wMZrD
NGQTwPkZl,wPkZl,NGQTwPkZl@grey.wb,Alpha,SBL12D_wPkZl
NGQTlRRol,lRRol,NGQTlRRol@grey.wb,Alpha,SBL12D_lRRol
NGQTlmVJw,lmVJw,NGQTlmVJw@grey.wb,Alpha,SBL12D_lmVJw
NGQTwVjpw,wVjpw,NGQTwVjpw@grey.wb,Alpha,SBL12D_wVjpw
NGQTlzAxX,lzAxX,NGQTlzAxX@grey.wb,Alpha,SBL12D_lzAxX
NGQTXgJPD,XgJPD,NGQTXgJPD@grey.wb,Alpha,SBL12D_XgJPD
NGQTwKxED,wKxED,NGQTwKxED@grey.wb,Alpha,SBL12D_wKxED
NGQTXLqxl,XLqxl,NGQTXLqxl@grey.wb,Alpha,SBL12D_XLqxl
NGQTXYEJX,XYEJX,NGQTXYEJX@grey.wb,Alpha,SBL12D_XYEJX
NGQTXnQbD,XnQbD,NGQTXnQbD@grey.wb,Alpha,SBL12D_XnQbD
NGQTloQJD,loQJD,NGQTloQJD@grey.wb,Alpha,SBL12D_loQJD
NGQTlBLQD,lBLQD,NGQTlBLQD@grey.wb,Alpha,SBL12D_lBLQD
NGQTlrVel,lrVel,NGQTlrVel@grey.wb,Alpha,SBL12D_lrVel
NGQTwjnNw,wjnNw,NGQTwjnNw@grey.wb,Alpha,SBL12D_wjnNw
NGQTweQAw,weQAw,NGQTweQAw@grey.wb,Alpha,SBL12D_weQAw
NGQTXybml,Xybml,NGQTXybml@grey.wb,Alpha,SBL12D_Xybml
NGQTwNxmX,wNxmX,NGQTwNxmX@grey.wb,Alpha,SBL12D_wNxmX
NGQTlGOnl,lGOnl,NGQTlGOnl@grey.wb,Alpha,SBL12D_lGOnl
NGQTDOKeD,DOKeD,NGQTDOKeD@grey.wb,Alpha,SBL12D_DOKeD
NGQTwANGD,wANGD,NGQTwANGD@grey.wb,Alpha,SBL12D_wANGD
NGQTDabjX,DabjX,NGQTDabjX@grey.wb,Alpha,SBL12D_DabjX
NGQTlkQdD,lkQdD,NGQTlkQdD@grey.wb,Alpha,SBL12D_lkQdD
NGQTDvrLD,DvrLD,NGQTDvrLD@grey.wb,Alpha,SBL12D_DvrLD
NGQTwZqal,wZqal,NGQTwZqal@grey.wb,Alpha,SBL12D_wZqal
NGQTwpLxw,wpLxw,NGQTwpLxw@grey.wb,Alpha,SBL12D_wpLxw
NGQTDxkqw,Dxkqw,NGQTDxkqw@grey.wb,Alpha,SBL12D_Dxkqw
NGQTlQmkl,lQmkl,NGQTlQmkl@grey.wb,Alpha,SBL12D_lQmkl
NGQTXdBQw,XdBQw,NGQTXdBQw@grey.wb,Alpha,SBL12D_XdBQw
NGQTXWLzl,XWLzl,NGQTXWLzl@grey.wb,Alpha,SBL12D_XWLzl
NGQTXPbZw,XPbZw,NGQTXPbZw@grey.wb,Alpha,SBL12D_XPbZw
NGQTwqEAw,wqEAw,NGQTwqEAw@grey.wb,Alpha,SBL12D_wqEAw
NGQTDmpJw,DmpJw,NGQTDmpJw@grey.wb,Alpha,SBL12D_DmpJw
NGQTXJMED,XJMED,NGQTXJMED@grey.wb,Alpha,SBL12D_XJMED
NGQTlbBdl,lbBdl,NGQTlbBdl@grey.wb,Alpha,SBL12D_lbBdl
NGQTDRooX,DRooX,NGQTDRooX@grey.wb,Alpha,SBL12D_DRooX
NGQTXKPEl,XKPEl,NGQTXKPEl@grey.wb,Alpha,SBL12D_XKPEl
NGQTXMxrD,XMxrD,NGQTXMxrD@grey.wb,Alpha,SBL12D_XMxrD
NGQTwgEPX,wgEPX,NGQTwgEPX@grey.wb,Alpha,SBL12D_wgEPX
NGQTXekAw,XekAw,NGQTXekAw@grey.wb,Alpha,SBL12D_XekAw
NGQTXVbpX,XVbpX,NGQTXVbpX@grey.wb,Alpha,SBL12D_XVbpX
NGQTwYNJD,wYNJD,NGQTwYNJD@grey.wb,Alpha,SBL12D_wYNJD
NGQTXjgNl,XjgNl,NGQTXjgNl@grey.wb,Alpha,SBL12D_XjgNl
NGQTXEzAl,XEzAl,NGQTXEzAl@grey.wb,Alpha,SBL12D_XEzAl
NGQTDzaxw,Dzaxw,NGQTDzaxw@grey.wb,Alpha,SBL12D_Dzaxw
NGQTDoEJl,DoEJl,NGQTDoEJl@grey.wb,Alpha,SBL12D_DoEJl
NGQTwnLbX,wnLbX,NGQTwnLbX@grey.wb,Alpha,SBL12D_wnLbX
NGQTDGdnX,DGdnX,NGQTDGdnX@grey.wb,Alpha,SBL12D_DGdnX
NGQTwLGxl,wLGxl,NGQTwLGxl@grey.wb,Alpha,SBL12D_wLGxl
NGQTXAVGl,XAVGl,NGQTXAVGl@grey.wb,Alpha,SBL12D_XAVGl
NGQTXNPmw,XNPmw,NGQTXNPmw@grey.wb,Alpha,SBL12D_XNPmw
NGQTlaEjl,laEjl,NGQTlaEjl@grey.wb,Alpha,SBL12D_laEjl
NGQTDraew,Draew,NGQTDraew@grey.wb,Alpha,SBL12D_Draew
NGQTwyamw,wyamw,NGQTwyamw@grey.wb,Alpha,SBL12D_wyamw
NGQTlxzqD,lxzqD,NGQTlxzqD@grey.wb,Alpha,SBL12D_lxzqD
NGQTXZMaD,XZMaD,NGQTXZMaD@grey.wb,Alpha,SBL12D_XZMaD
NGQTlvBLl,lvBLl,NGQTlvBLl@grey.wb,Alpha,SBL12D_lvBLl
NGQTDkgdD,DkgdD,NGQTDkgdD@grey.wb,Alpha,SBL12D_DkgdD
NGQTlOZeX,lOZeX,NGQTlOZeX@grey.wb,Alpha,SBL12D_lOZeX
NGQTDQdkw,DQdkw,NGQTDQdkw@grey.wb,Alpha,SBL12D_DQdkw
NGQTDBNQD,DBNQD,NGQTDBNQD@grey.wb,Alpha,SBL12D_DBNQD
NGQTXppxX,XppxX,NGQTXppxX@grey.wb,Alpha,SBL12D_XppxX
NGQTwWdzD,wWdzD,NGQTwWdzD@grey.wb,Alpha,SBL12D_wWdzD
NGQTWXEAX,WXEAX,NGQTWXEAX@grey.wb,Alpha,SBL12D_WXEAX
NGQTwEqAw,wEqAw,NGQTwEqAw@grey.wb,Alpha,SBL12D_wEqAw
NGQTWDmJX,WDmJX,NGQTWDmJX@grey.wb,Alpha,SBL12D_WDmJX
NGQTGXPZw,GXPZw,NGQTGXPZw@grey.wb,Alpha,SBL12D_GXPZw
NGQTgwLxw,gwLxw,NGQTgwLxw@grey.wb,Alpha,SBL12D_gwLxw
NGQTKwgPD,KwgPD,NGQTKwgPD@grey.wb,Alpha,SBL12D_KwgPD
NGQTWXeAX,WXeAX,NGQTWXeAX@grey.wb,Alpha,SBL12D_WXeAX
NGQTODoJw,ODoJw,NGQTODoJw@grey.wb,Alpha,SBL12D_ODoJw
NGQTeXdQl,eXdQl,NGQTeXdQl@grey.wb,Alpha,SBL12D_eXdQl
NGQTaDzxl,aDzxl,NGQTaDzxl@grey.wb,Alpha,SBL12D_aDzxl
NGQTGXVpw,GXVpw,NGQTGXVpw@grey.wb,Alpha,SBL12D_GXVpw
NGQTaDRoX,aDRoX,NGQTaDRoX@grey.wb,Alpha,SBL12D_aDRoX
NGQTVXMrl,VXMrl,NGQTVXMrl@grey.wb,Alpha,SBL12D_VXMrl
NGQTewnbw,ewnbw,NGQTewnbw@grey.wb,Alpha,SBL12D_ewnbw
NGQTYXKEw,YXKEw,NGQTYXKEw@grey.wb,Alpha,SBL12D_YXKEw
NGQTAXjNX,AXjNX,NGQTAXjNX@grey.wb,Alpha,SBL12D_AXjNX
NGQTrDGnw,rDGnw,NGQTrDGnw@grey.wb,Alpha,SBL12D_rDGnw
NGQTjXAGw,jXAGw,NGQTjXAGw@grey.wb,Alpha,SBL12D_jXAGw
NGQTBXNmD,BXNmD,NGQTBXNmD@grey.wb,Alpha,SBL12D_BXNmD
NGQTRDBQw,RDBQw,NGQTRDBQw@grey.wb,Alpha,SBL12D_RDBQw
NGQTvDkdX,vDkdX,NGQTvDkdX@grey.wb,Alpha,SBL12D_vDkdX
NGQTdwYJD,dwYJD,NGQTdwYJD@grey.wb,Alpha,SBL12D_dwYJD
NGQTolOeD,olOeD,NGQTolOeD@grey.wb,Alpha,SBL12D_olOeD
NGQTMwWzl,MwWzl,NGQTMwWzl@grey.wb,Alpha,SBL12D_MwWzl
NGQTOwJEl,OwJEl,NGQTOwJEl@grey.wb,Alpha,SBL12D_OwJEl
NGQTqDrew,qDrew,NGQTqDrew@grey.wb,Alpha,SBL12D_qDrew
NGQTqlajw,qlajw,NGQTqlajw@grey.wb,Alpha,SBL12D_qlajw
NGQTODQkl,ODQkl,NGQTODQkl@grey.wb,Alpha,SBL12D_ODQkl
NGQTBlxqw,Blxqw,NGQTBlxqw@grey.wb,Alpha,SBL12D_Blxqw
NGQTDbedw,Dbedw,NGQTDbedw@grey.wb,Alpha,SBL12D_Dbedw
NGQTyXqAX,yXqAX,NGQTyXqAX@grey.wb,Alpha,SBL12D_yXqAX
NGQTxXpxX,xXpxX,NGQTxXpxX@grey.wb,Alpha,SBL12D_xXpxX
NGQTwdQQD,wdQQD,NGQTwdQQD@grey.wb,Alpha,SBL12D_wdQQD
NGQTrXZaD,rXZaD,NGQTrXZaD@grey.wb,Alpha,SBL12D_rXZaD
NGQTRlvLD,RlvLD,NGQTRlvLD@grey.wb,Alpha,SBL12D_RlvLD
NGQTPwymw,Pwymw,NGQTPwymw@grey.wb,Alpha,SBL12D_Pwymw
NGQTwMZrD,wMZrD,NGQTwMZrD@grey.wb,Alpha,SBL12D_wMZrD
NGQTwPkZl,wPkZl,NGQTwPkZl@grey.wb,Alpha,SBL12D_wPkZl
NGQTlRRol,lRRol,NGQTlRRol@grey.wb,Alpha,SBL12D_lRRol
NGQTlmVJw,lmVJw,NGQTlmVJw@grey.wb,Alpha,SBL12D_lmVJw
NGQTwVjpw,wVjpw,NGQTwVjpw@grey.wb,Alpha,SBL12D_wVjpw
NGQTlzAxX,lzAxX,NGQTlzAxX@grey.wb,Alpha,SBL12D_lzAxX
NGQTXgJPD,XgJPD,NGQTXgJPD@grey.wb,Alpha,SBL12D_XgJPD
NGQTwKxED,wKxED,NGQTwKxED@grey.wb,Alpha,SBL12D_wKxED
NGQTXLqxl,XLqxl,NGQTXLqxl@grey.wb,Alpha,SBL12D_XLqxl
NGQTXYEJX,XYEJX,NGQTXYEJX@grey.wb,Alpha,SBL12D_XYEJX
NGQTXnQbD,XnQbD,NGQTXnQbD@grey.wb,Alpha,SBL12D_XnQbD
NGQTloQJD,loQJD,NGQTloQJD@grey.wb,Alpha,SBL12D_loQJD
NGQTlBLQD,lBLQD,NGQTlBLQD@grey.wb,Alpha,SBL12D_lBLQD
NGQTlrVel,lrVel,NGQTlrVel@grey.wb,Alpha,SBL12D_lrVel
NGQTwjnNw,wjnNw,NGQTwjnNw@grey.wb,Alpha,SBL12D_wjnNw
NGQTweQAw,weQAw,NGQTweQAw@grey.wb,Alpha,SBL12D_weQAw
NGQTXybml,Xybml,NGQTXybml@grey.wb,Alpha,SBL12D_Xybml
NGQTwNxmX,wNxmX,NGQTwNxmX@grey.wb,Alpha,SBL12D_wNxmX
NGQTlGOnl,lGOnl,NGQTlGOnl@grey.wb,Alpha,SBL12D_lGOnl
NGQTDOKeD,DOKeD,NGQTDOKeD@grey.wb,Alpha,SBL12D_DOKeD
NGQTwANGD,wANGD,NGQTwANGD@grey.wb,Alpha,SBL12D_wANGD
NGQTDabjX,DabjX,NGQTDabjX@grey.wb,Alpha,SBL12D_DabjX
NGQTlkQdD,lkQdD,NGQTlkQdD@grey.wb,Alpha,SBL12D_lkQdD
NGQTDvrLD,DvrLD,NGQTDvrLD@grey.wb,Alpha,SBL12D_DvrLD
NGQTwZqal,wZqal,NGQTwZqal@grey.wb,Alpha,SBL12D_wZqal
NGQTwpLxw,wpLxw,NGQTwpLxw@grey.wb,Alpha,SBL12D_wpLxw
NGQTDxkqw,Dxkqw,NGQTDxkqw@grey.wb,Alpha,SBL12D_Dxkqw
NGQTlQmkl,lQmkl,NGQTlQmkl@grey.wb,Alpha,SBL12D_lQmkl
NGQTXdBQw,XdBQw,NGQTXdBQw@grey.wb,Alpha,SBL12D_XdBQw
NGQTXWLzl,XWLzl,NGQTXWLzl@grey.wb,Alpha,SBL12D_XWLzl
NGQTXPbZw,XPbZw,NGQTXPbZw@grey.wb,Alpha,SBL12D_XPbZw
NGQTwqEAw,wqEAw,NGQTwqEAw@grey.wb,Alpha,SBL12D_wqEAw
NGQTDmpJw,DmpJw,NGQTDmpJw@grey.wb,Alpha,SBL12D_DmpJw
NGQTXJMED,XJMED,NGQTXJMED@grey.wb,Alpha,SBL12D_XJMED
NGQTlbBdl,lbBdl,NGQTlbBdl@grey.wb,Alpha,SBL12D_lbBdl
NGQTDRooX,DRooX,NGQTDRooX@grey.wb,Alpha,SBL12D_DRooX
NGQTXKPEl,XKPEl,NGQTXKPEl@grey.wb,Alpha,SBL12D_XKPEl
NGQTXMxrD,XMxrD,NGQTXMxrD@grey.wb,Alpha,SBL12D_XMxrD
NGQTwgEPX,wgEPX,NGQTwgEPX@grey.wb,Alpha,SBL12D_wgEPX
NGQTXekAw,XekAw,NGQTXekAw@grey.wb,Alpha,SBL12D_XekAw
NGQTXVbpX,XVbpX,NGQTXVbpX@grey.wb,Alpha,SBL12D_XVbpX
NGQTwYNJD,wYNJD,NGQTwYNJD@grey.wb,Alpha,SBL12D_wYNJD
NGQTXjgNl,XjgNl,NGQTXjgNl@grey.wb,Alpha,SBL12D_XjgNl
NGQTXEzAl,XEzAl,NGQTXEzAl@grey.wb,Alpha,SBL12D_XEzAl
NGQTDzaxw,Dzaxw,NGQTDzaxw@grey.wb,Alpha,SBL12D_Dzaxw
NGQTDoEJl,DoEJl,NGQTDoEJl@grey.wb,Alpha,SBL12D_DoEJl
NGQTwnLbX,wnLbX,NGQTwnLbX@grey.wb,Alpha,SBL12D_wnLbX
NGQTDGdnX,DGdnX,NGQTDGdnX@grey.wb,Alpha,SBL12D_DGdnX
NGQTwLGxl,wLGxl,NGQTwLGxl@grey.wb,Alpha,SBL12D_wLGxl
NGQTXAVGl,XAVGl,NGQTXAVGl@grey.wb,Alpha,SBL12D_XAVGl
NGQTXNPmw,XNPmw,NGQTXNPmw@grey.wb,Alpha,SBL12D_XNPmw
NGQTlaEjl,laEjl,NGQTlaEjl@grey.wb,Alpha,SBL12D_laEjl
NGQTDraew,Draew,NGQTDraew@grey.wb,Alpha,SBL12D_Draew
NGQTwyamw,wyamw,NGQTwyamw@grey.wb,Alpha,SBL12D_wyamw
NGQTlxzqD,lxzqD,NGQTlxzqD@grey.wb,Alpha,SBL12D_lxzqD
NGQTXZMaD,XZMaD,NGQTXZMaD@grey.wb,Alpha,SBL12D_XZMaD
NGQTlvBLl,lvBLl,NGQTlvBLl@grey.wb,Alpha,SBL12D_lvBLl
NGQTDkgdD,DkgdD,NGQTDkgdD@grey.wb,Alpha,SBL12D_DkgdD
NGQTlOZeX,lOZeX,NGQTlOZeX@grey.wb,Alpha,SBL12D_lOZeX
NGQTDQdkw,DQdkw,NGQTDQdkw@grey.wb,Alpha,SBL12D_DQdkw
NGQTDBNQD,DBNQD,NGQTDBNQD@grey.wb,Alpha,SBL12D_DBNQD
NGQTXppxX,XppxX,NGQTXppxX@grey.wb,Alpha,SBL12D_XppxX
NGQTwWdzD,wWdzD,NGQTwWdzD@grey.wb,Alpha,SBL12D_wWdzD
NGQTWXEAX,WXEAX,NGQTWXEAX@grey.wb,Alpha,SBL12D_WXEAX
NGQTwEqAw,wEqAw,NGQTwEqAw@grey.wb,Alpha,SBL12D_wEqAw
NGQTWDmJX,WDmJX,NGQTWDmJX@grey.wb,Alpha,SBL12D_WDmJX
NGQTGXPZw,GXPZw,NGQTGXPZw@grey.wb,Alpha,SBL12D_GXPZw
NGQTgwLxw,gwLxw,NGQTgwLxw@grey.wb,Alpha,SBL12D_gwLxw
NGQTKwgPD,KwgPD,NGQTKwgPD@grey.wb,Alpha,SBL12D_KwgPD
NGQTWXeAX,WXeAX,NGQTWXeAX@grey.wb,Alpha,SBL12D_WXeAX
NGQTODoJw,ODoJw,NGQTODoJw@grey.wb,Alpha,SBL12D_ODoJw
NGQTeXdQl,eXdQl,NGQTeXdQl@grey.wb,Alpha,SBL12D_eXdQl
NGQTaDzxl,aDzxl,NGQTaDzxl@grey.wb,Alpha,SBL12D_aDzxl
NGQTGXVpw,GXVpw,NGQTGXVpw@grey.wb,Alpha,SBL12D_GXVpw
NGQTaDRoX,aDRoX,NGQTaDRoX@grey.wb,Alpha,SBL12D_aDRoX
NGQTVXMrl,VXMrl,NGQTVXMrl@grey.wb,Alpha,SBL12D_VXMrl
NGQTewnbw,ewnbw,NGQTewnbw@grey.wb,Alpha,SBL12D_ewnbw
NGQTYXKEw,YXKEw,NGQTYXKEw@grey.wb,Alpha,SBL12D_YXKEw
NGQTAXjNX,AXjNX,NGQTAXjNX@grey.wb,Alpha,SBL12D_AXjNX
NGQTrDGnw,rDGnw,NGQTrDGnw@grey.wb,Alpha,SBL12D_rDGnw
NGQTjXAGw,jXAGw,NGQTjXAGw@grey.wb,Alpha,SBL12D_jXAGw
NGQTBXNmD,BXNmD,NGQTBXNmD@grey.wb,Alpha,SBL12D_BXNmD
NGQTRDBQw,RDBQw,NGQTRDBQw@grey.wb,Alpha,SBL12D_RDBQw
NGQTvDkdX,vDkdX,NGQTvDkdX@grey.wb,Alpha,SBL12D_vDkdX
NGQTdwYJD,dwYJD,NGQTdwYJD@grey.wb,Alpha,SBL12D_dwYJD
NGQTolOeD,olOeD,NGQTolOeD@grey.wb,Alpha,SBL12D_olOeD
NGQTMwWzl,MwWzl,NGQTMwWzl@grey.wb,Alpha,SBL12D_MwWzl
NGQTOwJEl,OwJEl,NGQTOwJEl@grey.wb,Alpha,SBL12D_OwJEl
NGQTqDrew,qDrew,NGQTqDrew@grey.wb,Alpha,SBL12D_qDrew
NGQTqlajw,qlajw,NGQTqlajw@grey.wb,Alpha,SBL12D_qlajw
NGQTODQkl,ODQkl,NGQTODQkl@grey.wb,Alpha,SBL12D_ODQkl
NGQTBlxqw,Blxqw,NGQTBlxqw@grey.wb,Alpha,SBL12D_Blxqw
NGQTDbedw,Dbedw,NGQTDbedw@grey.wb,Alpha,SBL12D_Dbedw
NGQTyXqAX,yXqAX,NGQTyXqAX@grey.wb,Alpha,SBL12D_yXqAX
NGQTxXpxX,xXpxX,NGQTxXpxX@grey.wb,Alpha,SBL12D_xXpxX
NGQTwdQQD,wdQQD,NGQTwdQQD@grey.wb,Alpha,SBL12D_wdQQD
NGQTrXZaD,rXZaD,NGQTrXZaD@grey.wb,Alpha,SBL12D_rXZaD
NGQTRlvLD,RlvLD,NGQTRlvLD@grey.wb,Alpha,SBL12D_RlvLD
NGQTPwymw,Pwymw,NGQTPwymw@grey.wb,Alpha,SBL12D_Pwymw
NGQTwMZrD,wMZrD,NGQTwMZrD@grey.wb,Alpha,SBL12D_wMZrD
NGQTwPkZl,wPkZl,NGQTwPkZl@grey.wb,Alpha,SBL12D_wPkZl
NGQTlRRol,lRRol,NGQTlRRol@grey.wb,Alpha,SBL12D_lRRol
NGQTlmVJw,lmVJw,NGQTlmVJw@grey.wb,Alpha,SBL12D_lmVJw
NGQTwVjpw,wVjpw,NGQTwVjpw@grey.wb,Alpha,SBL12D_wVjpw
NGQTlzAxX,lzAxX,NGQTlzAxX@grey.wb,Alpha,SBL12D_lzAxX
NGQTXgJPD,XgJPD,NGQTXgJPD@grey.wb,Alpha,SBL12D_XgJPD
NGQTwKxED,wKxED,NGQTwKxED@grey.wb,Alpha,SBL12D_wKxED
NGQTXLqxl,XLqxl,NGQTXLqxl@grey.wb,Alpha,SBL12D_XLqxl
NGQTXYEJX,XYEJX,NGQTXYEJX@grey.wb,Alpha,SBL12D_XYEJX
NGQTXnQbD,XnQbD,NGQTXnQbD@grey.wb,Alpha,SBL12D_XnQbD
NGQTloQJD,loQJD,NGQTloQJD@grey.wb,Alpha,SBL12D_loQJD
NGQTlBLQD,lBLQD,NGQTlBLQD@grey.wb,Alpha,SBL12D_lBLQD
NGQTlrVel,lrVel,NGQTlrVel@grey.wb,Alpha,SBL12D_lrVel
NGQTwjnNw,wjnNw,NGQTwjnNw@grey.wb,Alpha,SBL12D_wjnNw
NGQTweQAw,weQAw,NGQTweQAw@grey.wb,Alpha,SBL12D_weQAw
NGQTXybml,Xybml,NGQTXybml@grey.wb,Alpha,SBL12D_Xybml
NGQTwNxmX,wNxmX,NGQTwNxmX@grey.wb,Alpha,SBL12D_wNxmX
NGQTlGOnl,lGOnl,NGQTlGOnl@grey.wb,Alpha,SBL12D_lGOnl
NGQTDOKeD,DOKeD,NGQTDOKeD@grey.wb,Alpha,SBL12D_DOKeD
NGQTwANGD,wANGD,NGQTwANGD@grey.wb,Alpha,SBL12D_wANGD
NGQTDabjX,DabjX,NGQTDabjX@grey.wb,Alpha,SBL12D_DabjX
NGQTlkQdD,lkQdD,NGQTlkQdD@grey.wb,Alpha,SBL12D_lkQdD
NGQTDvrLD,DvrLD,NGQTDvrLD@grey.wb,Alpha,SBL12D_DvrLD
NGQTwZqal,wZqal,NGQTwZqal@grey.wb,Alpha,SBL12D_wZqal
NGQTwpLxw,wpLxw,NGQTwpLxw@grey.wb,Alpha,SBL12D_wpLxw
NGQTDxkqw,Dxkqw,NGQTDxkqw@grey.wb,Alpha,SBL12D_Dxkqw
NGQTlQmkl,lQmkl,NGQTlQmkl@grey.wb,Alpha,SBL12D_lQmkl
NGQTXdBQw,XdBQw,NGQTXdBQw@grey.wb,Alpha,SBL12D_XdBQw
NGQTXWLzl,XWLzl,NGQTXWLzl@grey.wb,Alpha,SBL12D_XWLzl
NGQTXPbZw,XPbZw,NGQTXPbZw@grey.wb,Alpha,SBL12D_XPbZw
NGQTwqEAw,wqEAw,NGQTwqEAw@grey.wb,Alpha,SBL12D_wqEAw
NGQTDmpJw,DmpJw,NGQTDmpJw@grey.wb,Alpha,SBL12D_DmpJw
NGQTXJMED,XJMED,NGQTXJMED@grey.wb,Alpha,SBL12D_XJMED
NGQTlbBdl,lbBdl,NGQTlbBdl@grey.wb,Alpha,SBL12D_lbBdl
NGQTDRooX,DRooX,NGQTDRooX@grey.wb,Alpha,SBL12D_DRooX
NGQTXKPEl,XKPEl,NGQTXKPEl@grey.wb,Alpha,SBL12D_XKPEl
NGQTXMxrD,XMxrD,NGQTXMxrD@grey.wb,Alpha,SBL12D_XMxrD
NGQTwgEPX,wgEPX,NGQTwgEPX@grey.wb,Alpha,SBL12D_wgEPX
NGQTXekAw,XekAw,NGQTXekAw@grey.wb,Alpha,SBL12D_XekAw
NGQTXVbpX,XVbpX,NGQTXVbpX@grey.wb,Alpha,SBL12D_XVbpX
NGQTwYNJD,wYNJD,NGQTwYNJD@grey.wb,Alpha,SBL12D_wYNJD
NGQTXjgNl,XjgNl,NGQTXjgNl@grey.wb,Alpha,SBL12D_XjgNl
NGQTXEzAl,XEzAl,NGQTXEzAl@grey.wb,Alpha,SBL12D_XEzAl
NGQTDzaxw,Dzaxw,NGQTDzaxw@grey.wb,Alpha,SBL12D_Dzaxw
NGQTDoEJl,DoEJl,NGQTDoEJl@grey.wb,Alpha,SBL12D_DoEJl
NGQTwnLbX,wnLbX,NGQTwnLbX@grey.wb,Alpha,SBL12D_wnLbX
NGQTDGdnX,DGdnX,NGQTDGdnX@grey.wb,Alpha,SBL12D_DGdnX
NGQTwLGxl,wLGxl,NGQTwLGxl@grey.wb,Alpha,SBL12D_wLGxl
NGQTXAVGl,XAVGl,NGQTXAVGl@grey.wb,Alpha,SBL12D_XAVGl
NGQTXNPmw,XNPmw,NGQTXNPmw@grey.wb,Alpha,SBL12D_XNPmw
NGQTlaEjl,laEjl,NGQTlaEjl@grey.wb,Alpha,SBL12D_laEjl
NGQTDraew,Draew,NGQTDraew@grey.wb,Alpha,SBL12D_Draew
NGQTwyamw,wyamw,NGQTwyamw@grey.wb,Alpha,SBL12D_wyamw
NGQTlxzqD,lxzqD,NGQTlxzqD@grey.wb,Alpha,SBL12D_lxzqD
NGQTXZMaD,XZMaD,NGQTXZMaD@grey.wb,Alpha,SBL12D_XZMaD
NGQTlvBLl,lvBLl,NGQTlvBLl@grey.wb,Alpha,SBL12D_lvBLl
NGQTDkgdD,DkgdD,NGQTDkgdD@grey.wb,Alpha,SBL12D_DkgdD
NGQTlOZeX,lOZeX,NGQTlOZeX@grey.wb,Alpha,SBL12D_lOZeX
NGQTDQdkw,DQdkw,NGQTDQdkw@grey.wb,Alpha,SBL12D_DQdkw
NGQTDBNQD,DBNQD,NGQTDBNQD@grey.wb,Alpha,SBL12D_DBNQD
NGQTXppxX,XppxX,NGQTXppxX@grey.wb,Alpha,SBL12D_XppxX
NGQTwWdzD,wWdzD,NGQTwWdzD@grey.wb,Alpha,SBL12D_wWdzD
NGQTWXEAX,WXEAX,NGQTWXEAX@grey.wb,Alpha,SBL12D_WXEAX
NGQTwEqAw,wEqAw,NGQTwEqAw@grey.wb,Alpha,SBL12D_wEqAw
NGQTWDmJX,WDmJX,NGQTWDmJX@grey.wb,Alpha,SBL12D_WDmJX
NGQTGXPZw,GXPZw,NGQTGXPZw@grey.wb,Alpha,SBL12D_GXPZw
NGQTgwLxw,gwLxw,NGQTgwLxw@grey.wb,Alpha,SBL12D_gwLxw
NGQTKwgPD,KwgPD,NGQTKwgPD@grey.wb,Alpha,SBL12D_KwgPD
NGQTWXeAX,WXeAX,NGQTWXeAX@grey.wb,Alpha,SBL12D_WXeAX
NGQTODoJw,ODoJw,NGQTODoJw@grey.wb,Alpha,SBL12D_ODoJw
NGQTeXdQl,eXdQl,NGQTeXdQl@grey.wb,Alpha,SBL12D_eXdQl
NGQTaDzxl,aDzxl,NGQTaDzxl@grey.wb,Alpha,SBL12D_aDzxl
NGQTGXVpw,GXVpw,NGQTGXVpw@grey.wb,Alpha,SBL12D_GXVpw
NGQTaDRoX,aDRoX,NGQTaDRoX@grey.wb,Alpha,SBL12D_aDRoX
NGQTVXMrl,VXMrl,NGQTVXMrl@grey.wb,Alpha,SBL12D_VXMrl
NGQTewnbw,ewnbw,NGQTewnbw@grey.wb,Alpha,SBL12D_ewnbw
NGQTYXKEw,YXKEw,NGQTYXKEw@grey.wb,Alpha,SBL12D_YXKEw
NGQTAXjNX,AXjNX,NGQTAXjNX@grey.wb,Alpha,SBL12D_AXjNX
NGQTrDGnw,rDGnw,NGQTrDGnw@grey.wb,Alpha,SBL12D_rDGnw
NGQTjXAGw,jXAGw,NGQTjXAGw@grey.wb,Alpha,SBL12D_jXAGw
NGQTBXNmD,BXNmD,NGQTBXNmD@grey.wb,Alpha,SBL12D_BXNmD
NGQTRDBQw,RDBQw,NGQTRDBQw@grey.wb,Alpha,SBL12D_RDBQw
NGQTvDkdX,vDkdX,NGQTvDkdX@grey.wb,Alpha,SBL12D_vDkdX
NGQTdwYJD,dwYJD,NGQTdwYJD@grey.wb,Alpha,SBL12D_dwYJD
NGQTolOeD,olOeD,NGQTolOeD@grey.wb,Alpha,SBL12D_olOeD
NGQTMwWzl,MwWzl,NGQTMwWzl@grey.wb,Alpha,SBL12D_MwWzl
NGQTOwJEl,OwJEl,NGQTOwJEl@grey.wb,Alpha,SBL12D_OwJEl
NGQTqDrew,qDrew,NGQTqDrew@grey.wb,Alpha,SBL12D_qDrew
NGQTqlajw,qlajw,NGQTqlajw@grey.wb,Alpha,SBL12D_qlajw
NGQTODQkl,ODQkl,NGQTODQkl@grey.wb,Alpha,SBL12D_ODQkl
NGQTBlxqw,Blxqw,NGQTBlxqw@grey.wb,Alpha,SBL12D_Blxqw
NGQTDbedw,Dbedw,NGQTDbedw@grey.wb,Alpha,SBL12D_Dbedw
NGQTyXqAX,yXqAX,NGQTyXqAX@grey.wb,Alpha,SBL12D_yXqAX
NGQTxXpxX,xXpxX,NGQTxXpxX@grey.wb,Alpha,SBL12D_xXpxX
NGQTwdQQD,wdQQD,NGQTwdQQD@grey.wb,Alpha,SBL12D_wdQQD
NGQTrXZaD,rXZaD,NGQTrXZaD@grey.wb,Alpha,SBL12D_rXZaD
NGQTRlvLD,RlvLD,NGQTRlvLD@grey.wb,Alpha,SBL12D_RlvLD
NGQTPwymw,Pwymw,NGQTPwymw@grey.wb,Alpha,SBL12D_Pwymw
NGQTwMZrD,wMZrD,NGQTwMZrD@grey.wb,Alpha,SBL12D_wMZrD
NGQTwPkZl,wPkZl,NGQTwPkZl@grey.wb,Alpha,SBL12D_wPkZl
NGQTlRRol,lRRol,NGQTlRRol@grey.wb,Alpha,SBL12D_lRRol
NGQTlmVJw,lmVJw,NGQTlmVJw@grey.wb,Alpha,SBL12D_lmVJw
NGQTwVjpw,wVjpw,NGQTwVjpw@grey.wb,Alpha,SBL12D_wVjpw
NGQTlzAxX,lzAxX,NGQTlzAxX@grey.wb,Alpha,SBL12D_lzAxX
NGQTXgJPD,XgJPD,NGQTXgJPD@grey.wb,Alpha,SBL12D_XgJPD
NGQTwKxED,wKxED,NGQTwKxED@grey.wb,Alpha,SBL12D_wKxED
NGQTXLqxl,XLqxl,NGQTXLqxl@grey.wb,Alpha,SBL12D_XLqxl
NGQTXYEJX,XYEJX,NGQTXYEJX@grey.wb,Alpha,SBL12D_XYEJX
NGQTXnQbD,XnQbD,NGQTXnQbD@grey.wb,Alpha,SBL12D_XnQbD
NGQTloQJD,loQJD,NGQTloQJD@grey.wb,Alpha,SBL12D_loQJD
NGQTlBLQD,lBLQD,NGQTlBLQD@grey.wb,Alpha,SBL12D_lBLQD
NGQTlrVel,lrVel,NGQTlrVel@grey.wb,Alpha,SBL12D_lrVel
NGQTwjnNw,wjnNw,NGQTwjnNw@grey.wb,Alpha,SBL12D_wjnNw
NGQTweQAw,weQAw,NGQTweQAw@grey.wb,Alpha,SBL12D_weQAw
NGQTXybml,Xybml,NGQTXybml@grey.wb,Alpha,SBL12D_Xybml
NGQTwNxmX,wNxmX,NGQTwNxmX@grey.wb,Alpha,SBL12D_wNxmX
NGQTlGOnl,lGOnl,NGQTlGOnl@grey.wb,Alpha,SBL12D_lGOnl
NGQTDOKeD,DOKeD,NGQTDOKeD@grey.wb,Alpha,SBL12D_DOKeD
NGQTwANGD,wANGD,NGQTwANGD@grey.wb,Alpha,SBL12D_wANGD
NGQTDabjX,DabjX,NGQTDabjX@grey.wb,Alpha,SBL12D_DabjX
NGQTlkQdD,lkQdD,NGQTlkQdD@grey.wb,Alpha,SBL12D_lkQdD
NGQTDvrLD,DvrLD,NGQTDvrLD@grey.wb,Alpha,SBL12D_DvrLD
NGQTwZqal,wZqal,NGQTwZqal@grey.wb,Alpha,SBL12D_wZqal
NGQTwpLxw,wpLxw,NGQTwpLxw@grey.wb,Alpha,SBL12D_wpLxw
NGQTDxkqw,Dxkqw,NGQTDxkqw@grey.wb,Alpha,SBL12D_Dxkqw
NGQTlQmkl,lQmkl,NGQTlQmkl@grey.wb,Alpha,SBL12D_lQmkl
NGQTXdBQw,XdBQw,NGQTXdBQw@grey.wb,Alpha,SBL12D_XdBQw
NGQTXWLzl,XWLzl,NGQTXWLzl@grey.wb,Alpha,SBL12D_XWLzl
NGQTXPbZw,XPbZw,NGQTXPbZw@grey.wb,Alpha,SBL12D_XPbZw
NGQTwqEAw,wqEAw,NGQTwqEAw@grey.wb,Alpha,SBL12D_wqEAw
NGQTDmpJw,DmpJw,NGQTDmpJw@grey.wb,Alpha,SBL12D_DmpJw
NGQTXJMED,XJMED,NGQTXJMED@grey.wb,Alpha,SBL12D_XJMED
NGQTlbBdl,lbBdl,NGQTlbBdl@grey.wb,Alpha,SBL12D_lbBdl
NGQTDRooX,DRooX,NGQTDRooX@grey.wb,Alpha,SBL12D_DRooX
NGQTXKPEl,XKPEl,NGQTXKPEl@grey.wb,Alpha,SBL12D_XKPEl
NGQTXMxrD,XMxrD,NGQTXMxrD@grey.wb,Alpha,SBL12D_XMxrD
NGQTwgEPX,wgEPX,NGQTwgEPX@grey.wb,Alpha,SBL12D_wgEPX
NGQTXekAw,XekAw,NGQTXekAw@grey.wb,Alpha,SBL12D_XekAw
NGQTXVbpX,XVbpX,NGQTXVbpX@grey.wb,Alpha,SBL12D_XVbpX
NGQTwYNJD,wYNJD,NGQTwYNJD@grey.wb,Alpha,SBL12D_wYNJD
NGQTXjgNl,XjgNl,NGQTXjgNl@grey.wb,Alpha,SBL12D_XjgNl
NGQTXEzAl,XEzAl,NGQTXEzAl@grey.wb,Alpha,SBL12D_XEzAl
NGQTDzaxw,Dzaxw,NGQTDzaxw@grey.wb,Alpha,SBL12D_Dzaxw
NGQTDoEJl,DoEJl,NGQTDoEJl@grey.wb,Alpha,SBL12D_DoEJl
NGQTwnLbX,wnLbX,NGQTwnLbX@grey.wb,Alpha,SBL12D_wnLbX
NGQTDGdnX,DGdnX,NGQTDGdnX@grey.wb,Alpha,SBL12D_DGdnX
NGQTwLGxl,wLGxl,NGQTwLGxl@grey.wb,Alpha,SBL12D_wLGxl
NGQTXAVGl,XAVGl,NGQTXAVGl@grey.wb,Alpha,SBL12D_XAVGl
NGQTXNPmw,XNPmw,NGQTXNPmw@grey.wb,Alpha,SBL12D_XNPmw
NGQTlaEjl,laEjl,NGQTlaEjl@grey.wb,Alpha,SBL12D_laEjl
NGQTDraew,Draew,NGQTDraew@grey.wb,Alpha,SBL12D_Draew
NGQTwyamw,wyamw,NGQTwyamw@grey.wb,Alpha,SBL12D_wyamw
NGQTlxzqD,lxzqD,NGQTlxzqD@grey.wb,Alpha,SBL12D_lxzqD
NGQTXZMaD,XZMaD,NGQTXZMaD@grey.wb,Alpha,SBL12D_XZMaD
NGQTlvBLl,lvBLl,NGQTlvBLl@grey.wb,Alpha,SBL12D_lvBLl
NGQTDkgdD,DkgdD,NGQTDkgdD@grey.wb,Alpha,SBL12D_DkgdD
NGQTlOZeX,lOZeX,NGQTlOZeX@grey.wb,Alpha,SBL12D_lOZeX
NGQTDQdkw,DQdkw,NGQTDQdkw@grey.wb,Alpha,SBL12D_DQdkw
NGQTDBNQD,DBNQD,NGQTDBNQD@grey.wb,Alpha,SBL12D_DBNQD
NGQTXppxX,XppxX,NGQTXppxX@grey.wb,Alpha,SBL12D_XppxX
NGQTwWdzD,wWdzD,NGQTwWdzD@grey.wb,Alpha,SBL12D_wWdzD
NGQTWXEAX,WXEAX,NGQTWXEAX@grey.wb,Alpha,SBL12D_WXEAX
NGQTwEqAw,wEqAw,NGQTwEqAw@grey.wb,Alpha,SBL12D_wEqAw
NGQTWDmJX,WDmJX,NGQTWDmJX@grey.wb,Alpha,SBL12D_WDmJX
NGQTGXPZw,GXPZw,NGQTGXPZw@grey.wb,Alpha,SBL12D_GXPZw
NGQTgwLxw,gwLxw,NGQTgwLxw@grey.wb,Alpha,SBL12D_gwLxw
NGQTKwgPD,KwgPD,NGQTKwgPD@grey.wb,Alpha,SBL12D_KwgPD
NGQTWXeAX,WXeAX,NGQTWXeAX@grey.wb,Alpha,SBL12D_WXeAX
NGQTODoJw,ODoJw,NGQTODoJw@grey.wb,Alpha,SBL12D_ODoJw
NGQTeXdQl,eXdQl,NGQTeXdQl@grey.wb,Alpha,SBL12D_eXdQl
NGQTaDzxl,aDzxl,NGQTaDzxl@grey.wb,Alpha,SBL12D_aDzxl
NGQTGXVpw,GXVpw,NGQTGXVpw@grey.wb,Alpha,SBL12D_GXVpw
NGQTaDRoX,aDRoX,NGQTaDRoX@grey.wb,Alpha,SBL12D_aDRoX
NGQTVXMrl,VXMrl,NGQTVXMrl@grey.wb,Alpha,SBL12D_VXMrl
NGQTewnbw,ewnbw,NGQTewnbw@grey.wb,Alpha,SBL12D_ewnbw
NGQTYXKEw,YXKEw,NGQTYXKEw@grey.wb,Alpha,SBL12D_YXKEw
NGQTAXjNX,AXjNX,NGQTAXjNX@grey.wb,Alpha,SBL12D_AXjNX
NGQTrDGnw,rDGnw,NGQTrDGnw@grey.wb,Alpha,SBL12D_rDGnw
NGQTjXAGw,jXAGw,NGQTjXAGw@grey.wb,Alpha,SBL12D_jXAGw
NGQTBXNmD,BXNmD,NGQTBXNmD@grey.wb,Alpha,SBL12D_BXNmD
NGQTRDBQw,RDBQw,NGQTRDBQw@grey.wb,Alpha,SBL12D_RDBQw
NGQTvDkdX,vDkdX,NGQTvDkdX@grey.wb,Alpha,SBL12D_vDkdX
NGQTdwYJD,dwYJD,NGQTdwYJD@grey.wb,Alpha,SBL12D_dwYJD
NGQTolOeD,olOeD,NGQTolOeD@grey.wb,Alpha,SBL12D_olOeD
NGQTMwWzl,MwWzl,NGQTMwWzl@grey.wb,Alpha,SBL12D_MwWzl
NGQTOwJEl,OwJEl,NGQTOwJEl@grey.wb,Alpha,SBL12D_OwJEl
NGQTqDrew,qDrew,NGQTqDrew@grey.wb,Alpha,SBL12D_qDrew
NGQTqlajw,qlajw,NGQTqlajw@grey.wb,Alpha,SBL12D_qlajw
NGQTODQkl,ODQkl,NGQTODQkl@grey.wb,Alpha,SBL12D_ODQkl
NGQTBlxqw,Blxqw,NGQTBlxqw@grey.wb,Alpha,SBL12D_Blxqw
NGQTDbedw,Dbedw,NGQTDbedw@grey.wb,Alpha,SBL12D_Dbedw
NGQTyXqAX,yXqAX,NGQTyXqAX@grey.wb,Alpha,SBL12D_yXqAX
NGQTxXpxX,xXpxX,NGQTxXpxX@grey.wb,Alpha,SBL12D_xXpxX
NGQTwdQQD,wdQQD,NGQTwdQQD@grey.wb,Alpha,SBL12D_wdQQD
NGQTrXZaD,rXZaD,NGQTrXZaD@grey.wb,Alpha,SBL12D_rXZaD
NGQTRlvLD,RlvLD,NGQTRlvLD@grey.wb,Alpha,SBL12D_RlvLD
NGQTPwymw,Pwymw,NGQTPwymw@grey.wb,Alpha,SBL12D_Pwymw
NGQTwMZrD,wMZrD,NGQTwMZrD@grey.wb,Alpha,SBL12D_wMZrD
NGQTwPkZl,wPkZl,NGQTwPkZl@grey.wb,Alpha,SBL12D_wPkZl
NGQTlRRol,lRRol,NGQTlRRol@grey.wb,Alpha,SBL12D_lRRol
NGQTlmVJw,lmVJw,NGQTlmVJw@grey.wb,Alpha,SBL12D_lmVJw
NGQTwVjpw,wVjpw,NGQTwVjpw@grey.wb,Alpha,SBL12D_wVjpw
NGQTlzAxX,lzAxX,NGQTlzAxX@grey.wb,Alpha,SBL12D_lzAxX
NGQTXgJPD,XgJPD,NGQTXgJPD@grey.wb,Alpha,SBL12D_XgJPD
NGQTwKxED,wKxED,NGQTwKxED@grey.wb,Alpha,SBL12D_wKxED
NGQTXLqxl,XLqxl,NGQTXLqxl@grey.wb,Alpha,SBL12D_XLqxl
NGQTXYEJX,XYEJX,NGQTXYEJX@grey.wb,Alpha,SBL12D_XYEJX
NGQTXnQbD,XnQbD,NGQTXnQbD@grey.wb,Alpha,SBL12D_XnQbD
NGQTloQJD,loQJD,NGQTloQJD@grey.wb,Alpha,SBL12D_loQJD
NGQTlBLQD,lBLQD,NGQTlBLQD@grey.wb,Alpha,SBL12D_lBLQD
NGQTlrVel,lrVel,NGQTlrVel@grey.wb,Alpha,SBL12D_lrVel
NGQTwjnNw,wjnNw,NGQTwjnNw@grey.wb,Alpha,SBL12D_wjnNw
NGQTweQAw,weQAw,NGQTweQAw@grey.wb,Alpha,SBL12D_weQAw
NGQTXybml,Xybml,NGQTXybml@grey.wb,Alpha,SBL12D_Xybml
NGQTwNxmX,wNxmX,NGQTwNxmX@grey.wb,Alpha,SBL12D_wNxmX
NGQTlGOnl,lGOnl,NGQTlGOnl@grey.wb,Alpha,SBL12D_lGOnl
NGQTDOKeD,DOKeD,NGQTDOKeD@grey.wb,Alpha,SBL12D_DOKeD
NGQTwANGD,wANGD,NGQTwANGD@grey.wb,Alpha,SBL12D_wANGD
NGQTDabjX,DabjX,NGQTDabjX@grey.wb,Alpha,SBL12D_DabjX
NGQTlkQdD,lkQdD,NGQTlkQdD@grey.wb,Alpha,SBL12D_lkQdD
NGQTDvrLD,DvrLD,NGQTDvrLD@grey.wb,Alpha,SBL12D_DvrLD
NGQTwZqal,wZqal,NGQTwZqal@grey.wb,Alpha,SBL12D_wZqal
NGQTwpLxw,wpLxw,NGQTwpLxw@grey.wb,Alpha,SBL12D_wpLxw
NGQTDxkqw,Dxkqw,NGQTDxkqw@grey.wb,Alpha,SBL12D_Dxkqw
NGQTlQmkl,lQmkl,NGQTlQmkl@grey.wb,Alpha,SBL12D_lQmkl
NGQTXdBQw,XdBQw,NGQTXdBQw@grey.wb,Alpha,SBL12D_XdBQw
NGQTXWLzl,XWLzl,NGQTXWLzl@grey.wb,Alpha,SBL12D_XWLzl
NGQTXPbZw,XPbZw,NGQTXPbZw@grey.wb,Alpha,SBL12D_XPbZw
NGQTwqEAw,wqEAw,NGQTwqEAw@grey.wb,Alpha,SBL12D_wqEAw
NGQTDmpJw,DmpJw,NGQTDmpJw@grey.wb,Alpha,SBL12D_DmpJw
NGQTXJMED,XJMED,NGQTXJMED@grey.wb,Alpha,SBL12D_XJMED
NGQTlbBdl,lbBdl,NGQTlbBdl@grey.wb,Alpha,SBL12D_lbBdl
NGQTDRooX,DRooX,NGQTDRooX@grey.wb,Alpha,SBL12D_DRooX
NGQTXKPEl,XKPEl,NGQTXKPEl@grey.wb,Alpha,SBL12D_XKPEl
NGQTXMxrD,XMxrD,NGQTXMxrD@grey.wb,Alpha,SBL12D_XMxrD
NGQTwgEPX,wgEPX,NGQTwgEPX@grey.wb,Alpha,SBL12D_wgEPX
NGQTXekAw,XekAw,NGQTXekAw@grey.wb,Alpha,SBL12D_XekAw
NGQTXVbpX,XVbpX,NGQTXVbpX@grey.wb,Alpha,SBL12D_XVbpX
NGQTwYNJD,wYNJD,NGQTwYNJD@grey.wb,Alpha,SBL12D_wYNJD
NGQTXjgNl,XjgNl,NGQTXjgNl@grey.wb,Alpha,SBL12D_XjgNl
NGQTXEzAl,XEzAl,NGQTXEzAl@grey.wb,Alpha,SBL12D_XEzAl
NGQTDzaxw,Dzaxw,NGQTDzaxw@grey.wb,Alpha,SBL12D_Dzaxw
NGQTDoEJl,DoEJl,NGQTDoEJl@grey.wb,Alpha,SBL12D_DoEJl
NGQTwnLbX,wnLbX,NGQTwnLbX@grey.wb,Alpha,SBL12D_wnLbX
NGQTDGdnX,DGdnX,NGQTDGdnX@grey.wb,Alpha,SBL12D_DGdnX
NGQTwLGxl,wLGxl,NGQTwLGxl@grey.wb,Alpha,SBL12D_wLGxl
NGQTXAVGl,XAVGl,NGQTXAVGl@grey.wb,Alpha,SBL12D_XAVGl
NGQTXNPmw,XNPmw,NGQTXNPmw@grey.wb,Alpha,SBL12D_XNPmw
NGQTlaEjl,laEjl,NGQTlaEjl@grey.wb,Alpha,SBL12D_laEjl
NGQTDraew,Draew,NGQTDraew@grey.wb,Alpha,SBL12D_Draew
NGQTwyamw,wyamw,NGQTwyamw@grey.wb,Alpha,SBL12D_wyamw
NGQTlxzqD,lxzqD,NGQTlxzqD@grey.wb,Alpha,SBL12D_lxzqD
NGQTXZMaD,XZMaD,NGQTXZMaD@grey.wb,Alpha,SBL12D_XZMaD
NGQTlvBLl,lvBLl,NGQTlvBLl@grey.wb,Alpha,SBL12D_lvBLl
NGQTDkgdD,DkgdD,NGQTDkgdD@grey.wb,Alpha,SBL12D_DkgdD
NGQTlOZeX,lOZeX,NGQTlOZeX@grey.wb,Alpha,SBL12D_lOZeX
NGQTDQdkw,DQdkw,NGQTDQdkw@grey.wb,Alpha,SBL12D_DQdkw
NGQTDBNQD,DBNQD,NGQTDBNQD@grey.wb,Alpha,SBL12D_DBNQD
NGQTXppxX,XppxX,NGQTXppxX@grey.wb,Alpha,SBL12D_XppxX
NGQTwWdzD,wWdzD,NGQTwWdzD@grey.wb,Alpha,SBL12D_wWdzD
